N,F0,PER,d0,v0,collision,attack
4,-2,0.22,6.76,57,0,0
6,-8,0.03,6.45,76,1,1
8,-6,0.13,9.169,78,1,1
8,-4,0.04000002,5.496,48,0,1
3,-3,0.55,6.165,76,1,0
10,-4,0.26,6.151,86,1,1
3,-6,0.04,8.532,45,0,0
8,-8,0.62,8.495,74,0,1
4,-4,0.43,8.223,68,1,1
6,-4,0.82,4.605,18,1,0
9,-5,0.12,6.449,37,0,0
3,-3,0.26,8.364,42,0,1
5,-6,0.86,5.55,68,1,0
4,-8,0.95,4.886,18,0,1
5,-4,0.62,8.204,61,1,0
8,-4,0.22,5.673,43,0,0
8,-8,0.58,6.103,48,0,1
5,-2,0.38,8.434,15,0,0
6,-2,0.29,8.995,68,0,0
8,-4,0.15,4.207,83,0,0
4,-6,0.38,8.1,87,0,0
7,-2,0.34,5.535,86,0,0
2,-8,0.81,7.565,52,0,1
5,-3,0.56,5.83,89,0,0
8,-2,0.83,6.542,62,0,1
4,-4,0.8,8.98,51,1,0
3,-7,0.35,4.345,34,0,0
6,-8,0.31,5.73,44,1,1
7,-1,0.74,4.017,47,0,0
4,-3,0.13,5.853,31,0,1
8,-2,0.28,8.385,76,1,1
8,-6,0.110000014,5.71,72,1,1
10,-6,0.25,7.443,55,1,0
6,-3,0.63,8.466,88,0,0
2,-4,0.42000002,9.328,72,1,1
7,-8,0.05,6.57,49,0,0
10,-6,0.050000012,8.813,16,1,1
3,-3,0.36,7.414,11,0,1
6,-2,0.09,6.291,23,0,0
8,-2,0.68,4.858,90,0,1
4,-4,0.99,8.082,44,0,1
3,-5,0.92,5.281,34,1,0
6,-6,0.68,4.206,31,0,0
4,-8,0.45,7.084,88,0,0
5,-7,0.21,6.635,28,0,0
8,-4,0.47000003,8.677,12,1,1
10,-6,0.2,4.91,65,1,0
5,-4,0.85,5.632,54,1,0
7,-2,0.86,8.139,76,1,0
6,-4,0.91999996,4.798,24,0,1
6,-6,0.52,5.022,26,0,1
10,-8,0.28,5.633,50,1,1
8,-2,0.84,7.027,84,0,1
2,-4,0.94,8.121,38,0,1
8,-7,0.23,6.252,81,0,0
8,-2,0.25,4.863,58,1,1
8,-4,0.26,5.251,52,1,1
5,-6,0.13,4.977,76,0,0
4,-2,0.76,5.024,58,0,1
4,-7,0.04,8.795,12,0,1
8,-6,0.28,6.447,46,1,1
3,-7,0.62,8.351,54,0,0
8,-3,0.06,8.116,48,0,0
3,-7,0.14,6.858,44,0,1
7,-2,0.56,8.866,21,0,1
8,-8,0.61,4.806,46,0,1
3,-6,0.01,8.93,65,0,1
9,-5,0.38,6.754,72,1,0
10,-1,0.21,6.77,24,1,0
6,-7,0.13,5.472,27,0,0
4,-4,0.3,6.709,62,1,1
4,-2,0.36,5.977,60,1,1
4,-8,0.32,6.187,60,0,0
6,-4,0.83,7.9750004,88,0,1
10,-3,0.55,7.342,10,1,0
7,-7,0.62,6.16,37,0,0
6,-2,0.34,8.364,49,0,0
3,-4,0.83,4.812,11,0,0
2,-4,0.74,4.165,52,0,1
5,-5,0.66,5.862,71,0,0
7,-3,0.16,8.346,89,0,0
4,-4,0.39,5.638,72,1,1
8,-2,0.16,7.245,41,0,0
8,-2,0.100000024,4.851,86,1,1
8,-8,0.23000002,5.444,42,0,1
9,-1,0.3,5.519,76,1,0
9,-3,0.8,6.452,15,1,0
8,-2,0.39,5.851,88,1,1
8,-8,0.51,8.035,82,0,1
4,-8,0.95,6.585,32,0,1
5,-2,0.31,4.243,86,0,0
6,-2,0.57,6.345,56,0,1
8,-2,0.15,6.913,38,1,1
6,-7,0.66,7.214,48,1,0
2,-4,0.93,7.762,54,0,1
8,0,0.18,6.924,74,1,1
8,-4,0.16000003,7.503,58,1,1
2,-6,0.49,7.521,26,1,1
4,-6,0.14,7.715,52,0,0
5,-3,0.22,4.982,46,0,0
9,-8,0.55,7.064,60,1,0
5,-2,0.44,6.647,73,0,0
3,-7,0.03,7.792,43,0,0
6,-6,0.83,6.148,32,0,1
3,-7,0.39,6.851,29,0,0
4,-4,0.3,7.649,70,1,1
8,-4,0.14,5.958,46,1,1
4,-6,0.35000002,4.685,32,1,1
6,-6,0.42000002,6.367,34,1,1
9,-4,0.84,7.853,66,1,0
4,-2,0.90999997,8.138,40,0,1
10,-4,0.44,7.448,48,1,1
10,-2,0.35000002,5.971,50,1,1
4,-8,0.90999997,4.255,60,0,1
8,-2,0.07,5.539,78,0,1
9,-4,0.13,7.906,39,0,0
3,-4,0.7,6.08,19,0,0
6,-8,0.12,5.036,77,0,0
10,-8,0.2,5.441,79,1,0
10,-5,0.26,8.456,72,1,0
10,-1,0.06,6.089,74,1,0
8,-2,0.32,8.336,72,1,1
5,-4,0.76,5.174,62,1,0
6,-2,0.68,7.562,75,1,0
2,-2,0.49,6.29,50,1,1
6,-6,0.44,8.256,14,1,1
6,-6,0.29000002,6.183,56,1,1
8,-5,0.81,6.347,64,1,0
4,-7,0.13,7.853,88,0,0
3,-7,0.08,4.359,45,0,0
4,-8,0.89,6.669,80,0,1
6,-4,0.81,6.358,88,0,1
6,-5,0.43,6.279,31,0,0
6,-8,0.61,4.136,82,0,1
4,-6,0.4,4.631,30,0,0
8,-2,0.53,7.9160004,30,0,1
4,-3,0.41,4.578,46,0,0
6,-5,0.34,5.181,53,1,1
9,-4,0.69,5.309,35,1,0
10,-7,0.41,4.059,31,1,0
5,-6,0.96,4.881,28,1,0
6,-3,0.91,6.625,45,1,0
3,-8,0.24,8.317,81,0,0
6,-5,0.02,7.7,80,0,0
6,-7,0.9,7.383,14,1,0
9,-2,0.89,5.332,88,1,0
4,-8,0.85,6.946,74,0,1
5,-4,0.99,4.239,27,1,0
4,-2,0.29000002,7.088,62,1,1
6,-8,0.110000014,6.857,74,1,1
4,-6,0.9,4.919,50,0,1
8,-2,0.89,6.166,66,0,1
2,-4,0.46,5.729,58,1,1
3,-3,0.95,4.265,40,1,0
4,-3,0.74,7.692,45,1,0
6,-8,0.93,6.715,84,0,1
6,-2,0.33,6.581,52,1,1
6,-6,0.120000005,8.684,88,1,1
9,-3,0.74,4.091,39,1,0
6,-6,0.4,8.673,12,0,0
6,-4,0.39,7.841,28,1,1
3,-1,0.87,7.751,29,1,0
9,-3,0.89,4.141,80,1,0
8,-8,0.44,8.000999,44,1,1
8,-2,0.28,5.933,10,1,1
6,-2,0.78999996,5.506,30,0,1
8,-2,0.32,7.678,12,1,1
6,-4,0.68,8.066,46,0,1
6,-7,0.38,6.046,20,0,0
2,-6,0.64,4.564,66,0,1
6,-4,0.88,4.246,68,0,1
6,-4,0.32,5.49,74,1,1
7,-6,0.12,6.3,20,0,0
8,-2,0.22000003,5.611,80,1,1
7,-1,0.66,7.652,73,0,0
9,-6,0.52,7.523,32,1,0
2,-2,0.36,5.691,68,1,1
8,-8,0.42,8.828,14,0,0
8,-4,0.9,8.425,70,0,1
8,-6,0.07,9.383,10,0,1
10,-4,0.22000003,5.5,56,1,1
4,-4,0.38,8.856,30,0,1
4,-5,0.04,6.135,15,0,1
4,-3,0.35,6.291,82,0,0
4,-7,0.72,6.932,81,1,0
8,-3,0.71,4.651,79,1,0
8,-4,0.060000002,4.935,88,1,1
6,-4,0.31,6.97,80,1,1
8,-6,0.050000012,5.172,72,1,1
6,-5,0.46,7.881,78,0,0
7,-8,0.76,4.972,23,0,0
7,-3,0.1,7.342,76,0,0
9,-7,0.6,4.148,17,1,0
10,-7,0.42,7.428,25,1,0
4,-2,0.42000002,5.825,44,1,1
7,-8,0.68,8.542,75,1,0
4,-3,0.04,4.708,46,0,1
6,-2,0.8,5.807,29,0,0
3,-8,0.61,5.543,13,0,0
3,-6,0.09,6.516,72,0,0
3,-8,0.69,8.976,57,0,0
4,-2,0.75,6.225,62,0,1
8,-8,0.26,6.665,21,0,0
10,-8,0.01,6.454,10,1,1
10,-8,0.43,5.951,30,1,1
4,-6,0.02,6.99,41,0,1
8,0,0.37,8.695,64,1,1
9,-8,0.47,7.617,49,0,0
8,-2,0.41,8.57,88,0,0
3,-7,0.81,5.231,46,0,0
10,-2,0.16,4.978,29,1,0
10,-4,0.79,7.349,65,1,0
7,-7,0.55,7.607,20,0,0
8,-8,0.31,7.319,38,1,1
8,-4,0.69,4.09,55,1,0
3,-2,0.43,5.9,55,0,0
6,-5,0.11,5.06,88,0,0
4,-2,0.65999997,5.316,82,0,1
8,-4,0.18,8.301,64,1,1
8,-8,0.47000003,5.59,88,1,1
6,-3,0.3,7.652,57,0,0
10,-2,0.46,5.834,38,1,1
4,-8,0.78,3.5430002,34,0,1
6,-2,0.57,7.768,23,0,1
7,-2,0.21,5.372,72,0,0
5,-4,0.58,4.749,16,0,1
6,-8,0.24000001,9.292,32,1,1
6,-7,0.23,7.87,62,0,1
4,-6,0.8,7.035,70,0,1
4,-4,0.46,4.711,83,0,0
4,-4,0.9,5.195,62,0,1
6,-2,0.54,6.061,80,0,0
8,-8,0.88,5.12,58,1,0
2,-6,0.37,6.239,44,0,1
4,-4,0.36,8.649,62,1,1
5,-4,0.69,4.453,82,1,0
4,-5,0.17,4.777,51,0,0
4,-8,0.39,5.12,46,1,1
5,-7,0.25,8.31,76,0,0
5,-2,0.39,6.748,43,0,0
6,-4,0.8,6.114,16,0,0
5,-5,0.11,5.338,11,0,0
10,-2,0.34,7.064,34,1,1
10,-6,0.82,8.333,65,1,0
7,-8,0.93,7.691,43,1,0
8,-4,0.9,6.633,50,0,1
6,-5,0.36,7.705,19,0,0
4,-4,0.65999997,5.124,68,0,1
8,-7,0.5,5.828,77,1,0
4,-8,0.86,5.224,82,1,1
7,-3,0.33,4.598,15,0,0
8,-8,0.73,4.064,20,0,1
4,-2,0.43,5.745,66,0,0
6,-7,0.76,7.004,52,1,0
10,-6,0.46,7.544,84,1,1
4,-4,0.18,8.777,88,1,1
5,-5,0.85,7.19,88,1,0
9,-4,0.08,4.872,72,0,0
6,-2,0.100000024,5.641,68,1,1
3,-5,0.99,5.803,65,1,0
5,-1,0.86,7.456,80,1,0
8,-6,0.52,4.753,88,0,1
8,-6,0.69,5.416,28,0,1
8,-2,0.22000003,6.372,72,1,1
3,-4,0.74,8.144,22,0,0
6,-5,0.59,5.422,10,0,0
4,-6,0.7,7.409,21,0,0
10,-4,0.08,9.06,20,1,1
6,-2,0.17,6.551,27,0,0
7,-6,0.13,4.516,79,0,0
5,-5,0.08,8.515,79,0,0
3,-3,0.63,4.182,22,0,0
6,-4,0.39,4.852,50,1,1
10,-2,0.07,5.115,86,1,1
2,-4,0.41000003,8.408,66,1,1
6,-4,0.59,6.382,42,0,1
8,-2,0.37,8.023,40,1,1
8,0,0.34,8.084,78,1,1
3,-6,0.31,6.621,64,0,0
5,-8,0.62,7.528,71,1,0
4,-2,0.09,7.232,16,0,0
4,-4,0.74,6.945,82,0,0
8,-8,0.01,6.143,77,0,0
4,-3,0.7,5.531,57,1,0
6,-8,0.52,7.5790005,48,0,1
5,-8,0.61,5.204,45,1,0
3,-6,0.75,4.005,53,0,0
6,-2,0.110000014,6.801,66,0,1
2,-4,0.35000002,7.909,58,1,1
6,-2,0.53,8.411,36,0,1
6,-8,0.3,6.992,86,1,1
4,-6,0.34,6.103,80,1,1
10,-1,0.46,8.642,53,1,0
6,-7,0.94,5.211,63,1,0
4,-3,0.75,4.42,16,0,0
6,-6,0.44,8.316999,64,1,1
4,-2,0.38,7.332,80,1,1
6,-8,0.52,7.8050003,36,0,1
4,-4,0.74,7.891,88,0,1
9,-8,0.83,6.907,53,1,0
8,-5,0.11,7.402,24,0,0
6,-2,0.24000001,6.928,88,1,1
4,-2,0.31,4.638,33,0,0
4,-2,0.34,5.274,86,1,1
8,-2,0.07,4.687,38,1,1
10,-5,0.42,8.781,20,1,0
5,-4,0.24,7.346,29,0,0
5,-7,0.21,5.175,16,0,0
5,-5,0.93,5.899,44,1,0
10,-4,0.44,5.172,76,1,1
9,-3,0.35,8.385,60,1,0
6,-4,0.35000002,8.551,24,1,1
10,-2,0.18,9.477,16,0,1
10,-8,0.86,5.178,78,1,0
4,-6,0.29000002,4.579,68,1,1
6,-2,0.23,6.42,14,0,0
8,-3,0.67,4.509,70,1,0
8,-6,0.31,7.467,58,1,1
10,-6,0.18,6.788,64,1,1
9,-4,0.17,7.29,29,0,0
4,-8,0.25,7.004,22,0,1
4,-4,0.97,5.272,86,0,1
6,-8,0.37,7.517,22,1,1
4,-8,0.31,8.375,62,0,0
9,-7,0.55,7.325,12,0,0
4,-4,0.38,5.658,76,1,1
8,-7,0.27,8.013,83,0,0
4,-8,0.49,8.626,47,0,0
9,-6,0.14,4.323,59,0,0
6,-5,0.32,7.422,53,0,1
3,-4,0.72,4.018,36,0,0
6,-8,0.47000003,5.859,60,1,1
8,-2,0.17000002,7.427,72,1,1
4,-6,0.44,5.964,40,0,0
10,-7,0.72,4.378,82,1,0
8,-4,0.71,8.097,32,0,1
10,-6,0.39,4.969,74,1,1
8,-6,0.6,4.505,36,0,1
10,-2,0.100000024,7.609,64,1,1
3,-6,0.26,4.044,16,0,1
10,-4,0.95,4.701,18,1,0
9,-4,0.44,8.249,84,1,0
8,-6,0.78999996,4.983,46,0,1
10,-6,0.26,8.057,26,1,0
6,-4,0.100000024,9.294,84,1,1
6,-3,0.31,4.287,78,0,0
3,-3,0.19,7.43,56,0,0
4,-4,0.89,4.589,82,0,1
6,-8,0.22,8.779,23,0,0
8,-8,0.57,6.917,24,0,1
8,-7,0.7,6.5,40,1,0
8,-3,0.03,4.329,20,0,0
6,-8,0.25,5.338,62,0,1
10,-8,0.54,7.221,29,1,0
8,-6,0.09,7.826,64,1,1
8,-1,0.63,6.796,38,0,0
9,-5,0.01,5.373,44,1,0
8,-4,0.38,5.413,70,1,1
7,-2,0.35,4.252,77,0,0
4,-6,0.4,5.621,18,1,1
6,-2,0.46,8.914,60,1,1
6,-6,0.32,9.21,36,1,1
8,-2,0.63,5.448,18,0,1
10,-6,0.41000003,8.379,10,1,1
6,-4,0.24000001,9.026,44,1,1
6,-6,0.19,5.775,52,1,1
8,-6,0.94,6.188,38,0,1
4,-4,0.46,6.78,64,1,1
10,-3,0.58,5.572,80,1,0
6,-6,0.64,4.985,48,0,1
6,-6,0.8,4.662,12,0,1
4,-8,0.27,5.004,56,1,1
8,-4,0.04000002,4.82,58,1,1
8,-8,0.04000002,4.637,26,1,1
4,-6,0.21,4.766,78,1,1
8,-8,0.15,6.438,74,1,1
8,-8,0.59,4.039,80,0,1
3,-2,0.75,6.534,88,1,0
9,-8,0.18,6.034,59,1,0
2,-8,0.4,8.932,84,1,1
10,-7,0.33,5.465,65,1,0
5,-5,0.58,7.046,11,0,0
5,-2,0.53,7.927,25,0,0
6,-7,0.7,5.251,79,1,0
5,-8,0.83,8.378,63,1,0
6,-4,0.41000003,7.135,84,1,1
8,-2,0.120000005,9.289,42,0,1
6,-5,0.5,6.362,36,0,0
8,-4,0.65999997,5.594,46,0,1
5,-7,0.89,6.4,41,1,0
7,-4,0.5,8.456,13,0,0
5,-2,0.75,7.493,31,0,0
8,-4,0.34,4.917,55,0,0
8,-4,0.74,4.761,52,0,1
5,-8,0.06,6.005,73,0,0
4,-1,0.82,6.959,79,1,0
6,-7,0.92,7.92,65,1,0
6,-4,0.69,7.053,75,1,0
3,-5,0.16,8.013,17,0,1
6,-8,0.6,6.357,61,1,0
3,-4,0.25,5.307,60,0,0
6,-4,0.71,5.226,50,0,1
3,-1,0.16,8.979,85,0,1
4,-2,0.44,9.266,12,1,1
2,-8,0.55,4.308,86,0,1
7,-5,0.47,7.715,70,1,0
4,-2,0.25,4.836,72,1,1
8,-2,0.27,4.751,22,0,1
7,-2,0.35,7.608,56,0,0
4,-2,0.35000002,6.122,86,1,1
4,-6,0.38,8.358,66,1,1
8,-7,0.7,4.378,36,1,0
6,-6,0.01,8.461,82,1,1
10,-2,0.35000002,5.887,18,1,1
6,-2,0.51,8.715,43,0,0
8,-6,0.23000002,9.06,86,1,1
8,-8,0.7,6.054,68,0,1
3,-6,0.24,4.743,28,0,0
3,-5,0.96,4.153,13,1,0
8,-2,0.22000003,7.18,88,1,1
8,-8,0.9,7.801,50,0,1
8,-8,0.29000002,6.356,34,1,1
8,-8,0.94,5.982,68,1,1
6,-6,0.87,6.052,76,0,1
9,-4,0.55,8.291,75,1,0
10,-8,0.3,7.377,40,1,0
7,-6,0.4,6.692,49,0,0
10,-8,0.66,8.319,11,1,0
2,-4,0.38,7.073,86,1,1
2,-8,0.28,4.708,52,0,1
8,-6,0.28,8.532,46,1,1
2,-2,0.87,5.215,42,0,1
6,-3,0.53,4.325,40,0,0
10,-4,0.97,5.248,14,1,0
10,-6,0.16000003,6.389,40,1,1
8,-8,0.47000003,4.763,22,1,1
5,-3,0.37,7.626,23,0,0
4,-6,0.49,8.644,28,1,1
6,-2,0.31,8.775,54,1,1
4,-2,0.25,7.93,80,1,1
9,-8,0.83,6.199,75,1,0
6,-2,0.08,4.172,10,0,0
8,0,0.22000003,8.34,82,0,1
5,-7,0.76,8.266,82,1,0
8,-2,0.24000001,7.281,32,1,1
8,-4,0.54,5.413,52,0,1
2,-2,0.7,6.589,78,0,1
5,-7,0.95,5.904,26,1,0
8,-1,0.85,5.586,11,1,0
4,-4,0.05,8.057,56,0,0
8,-7,0.67,5.139,86,1,0
6,-8,0.55,7.914,13,0,0
6,-2,0.04,8.639,65,0,0
9,-5,0.31,6.197,55,1,0
4,-7,0.16,7.738,59,0,0
4,-4,0.59,6.362,74,0,1
9,-7,0.82,8.524,55,1,0
4,-8,0.33,4.639,50,1,1
8,-4,0.8,8.782,29,1,0
6,-7,0.58,7.657,50,1,0
8,-5,0.94,8.855,15,1,0
4,-6,0.27,6.394,16,0,1
4,-8,0.75,8.412,80,0,1
3,-1,0.73,4.984,25,0,0
10,-6,0.21,8.608,58,1,1
8,-8,0.16000003,7.011,68,1,1
3,-7,0.04,7.737,39,0,0
5,-7,0.9,7.781,17,1,0
9,-4,0.35,7.899,51,1,0
5,-8,0.58,6.546,79,0,0
6,-7,0.69,7.267,79,1,0
10,-5,0.84,5.094,29,1,0
4,-6,0.87,3.7220001,46,0,1
4,-1,0.97,4.246,27,1,0
2,-4,0.4,5.138,54,1,1
6,-4,0.51,3.98,32,0,1
4,-2,0.02,6.824,66,0,1
6,-6,0.71,8.737,30,0,0
4,-8,0.51,6.634,58,0,0
9,-3,0.97,4.415,34,1,0
8,-2,0.25,6.543,60,1,1
8,-2,0.22000003,7.827,80,1,1
8,-4,0.31,5.455,66,1,1
4,-6,0.99,8.373,38,0,1
6,-2,0.63,3.755,22,0,1
5,-2,0.25,6.026,77,0,0
8,-6,0.06,8.034,25,0,0
3,-8,0.22,7.513,15,0,1
2,-4,0.36,7.367,56,0,1
6,-2,0.54,8.058,68,0,1
10,-6,0.25,8.662,84,1,1
9,-4,0.28,4.423,18,0,0
4,-5,0.49,8.836,42,0,0
10,-8,0.6,7.243,58,1,0
5,-7,0.88,4.775,70,1,0
4,-6,0.24000001,7.744,66,0,1
10,-2,0.21,8.884,34,0,0
6,-2,0.07,7.181,71,0,0
10,-4,0.78,6.772,89,1,0
10,-7,0.57,8.251,73,1,0
4,-2,0.7,6.249,85,1,0
8,-6,0.9,6.52,64,1,0
8,-8,0.69,6.398,24,0,1
6,-2,0.65999997,4.659,32,0,1
10,-4,0.01,8.914,60,1,0
8,-8,0.18,6.459,12,1,1
4,-5,0.45,8.944,55,0,0
6,-8,0.22,6.482,25,0,0
9,-3,0.82,4.449,47,1,0
3,-4,0.41,6.442,63,0,0
9,-7,0.39,7.32,30,0,0
10,-6,0.22,5.389,38,1,0
8,-3,0.19,6.271,46,0,0
7,-5,0.04,8.743,72,0,0
8,-4,0.14,7.027,42,1,1
7,-7,0.13,7.601,61,0,0
6,-7,0.07,6.94,25,0,0
8,-2,0.06,7.807,47,0,0
10,-8,0.29000002,5.358,34,1,1
3,-8,0.03,7.982,55,0,1
4,-4,0.44,7.558,58,1,1
6,-6,0.47,6.094,35,0,0
7,-8,0.95,5.984,87,1,0
9,-5,0.58,5.279,61,1,0
8,-6,0.27,8.176,28,1,1
10,-4,0.09,6.222,86,1,0
3,-2,0.15,5.663,22,0,1
3,-2,0.25,4.072,62,0,0
6,-5,0.82,5.421,72,1,0
5,-8,0.45,7.708,29,0,0
4,-6,0.85,6.35,10,0,0
4,-8,0.81,5.579,70,1,0
4,-1,0.79,6.212,30,0,0
10,-5,0.33,5.185,54,1,0
9,-4,0.23,7.004,17,0,0
6,-2,0.49,6.028,74,1,1
5,-4,0.73,4.134,11,0,0
2,0,0.47000003,6.857,58,1,1
9,-1,0.75,8.33,88,1,0
8,-2,0.99,7.171,64,0,1
6,-4,0.64,8.067,87,1,0
4,-7,0.83,8.174,77,1,0
6,-5,0.43,5.516,88,0,0
10,-2,0.37,5.531,48,1,1
10,-6,0.53,6.478,10,0,1
6,-2,0.45,9.406,70,1,1
7,-8,0.96,8.375,19,1,0
6,-4,0.4,8.176,79,0,0
4,-4,0.33,5.696,66,1,1
6,-4,0.7,5.951,18,0,1
8,-8,0.83,7.907,66,0,1
2,-8,0.82,6.239,56,0,1
10,-7,0.94,8.743,34,1,0
8,0,0.04000002,7.326,52,1,1
8,-2,0.35000002,7.046,22,1,1
4,-8,0.98,5.463,80,0,1
8,-4,0.93,5.369,20,0,1
4,-4,0.22,4.568,61,0,0
5,-8,0.04,5.939,54,0,0
3,-7,0.78,5.122,61,0,0
3,-1,0.42,6.192,22,0,0
8,-5,0.45,8.549,78,0,0
8,-2,0.09,9.073,28,1,1
4,-4,0.97,4.313,68,0,1
5,-8,0.05,6.25,22,0,0
6,-6,0.45,9.086,22,1,1
3,-4,0.17,8.91,16,0,0
6,-6,0.76,7.432,20,0,1
8,-2,0.91999996,6.827,86,0,1
6,0,0.49,6.363,52,1,1
8,-6,0.31,8.922,48,1,1
8,-8,0.25,7.981,79,1,0
4,-6,0.82,6.227,44,0,1
6,-3,0.69,8.757,80,1,0
8,-1,0.25,6.83,49,0,0
5,-1,0.89,7.709,84,1,0
6,-4,0.31,7.286,16,0,1
6,-8,0.75,7.316,84,0,1
7,-2,0.27,8.626,67,0,0
3,-6,0.99,8.982,56,1,0
6,-2,0.88,5.03,70,0,1
3,-2,0.97,8.914,51,1,0
5,-8,0.06,4.047,69,0,0
8,-4,0.31,6.746,48,1,1
3,-8,0.55,4.102,68,1,0
4,-5,0.34,8.324,24,0,0
2,-6,0.78,4.331,60,0,1
4,-6,0.64,6.665,64,0,1
8,-8,0.86,5.639,82,0,1
8,-4,0.100000024,7.855,46,0,1
8,-4,0.85,5.845,38,0,1
4,-2,0.3,7.788,84,1,1
5,-4,0.89,4.213,30,1,0
8,-4,0.25,7.71,18,0,1
4,-4,0.45,7.657,86,1,1
6,-2,0.44,8.886,44,0,1
6,-2,0.3,7.133,19,0,0
10,-8,0.08,9.281,12,0,1
5,-8,0.0,8.927,55,0,0
3,-6,0.25,6.832,70,0,0
5,-6,0.05,8.616,14,0,0
5,-2,0.76,5.288,53,0,0
4,-4,0.110000014,6.586,76,1,1
5,-8,0.3,6.404,82,1,0
4,-8,0.66,6.299,57,1,0
4,-4,0.24000001,5.529,60,1,1
8,-4,0.75,5.714,70,0,1
4,-2,0.98,4.429,87,1,0
7,-2,0.94,4.991,12,1,0
4,-6,0.22000003,7.991,60,1,1
6,-6,0.11,8.919,23,0,0
10,-5,0.48,7.481,36,1,0
4,-4,0.18,8.68,16,0,1
4,-6,0.7,6.714,56,0,1
8,-6,0.55,4.775,50,1,0
5,-6,0.55,6.556,57,0,0
6,-2,0.4,7.829,24,1,1
3,-2,0.01,7.306,58,0,1
4,-4,0.44,4.432,30,0,0
8,-6,0.15,7.768,54,1,1
2,-8,0.78,5.062,52,0,1
6,-8,0.36,6.852,84,0,0
8,-6,0.2,5.357,30,1,1
8,-7,0.1,5.01,60,0,0
2,-6,0.34,5.812,62,0,1
4,-2,0.95,8.107,42,0,1
4,-6,0.53,6.472,21,0,0
4,-2,0.44,5.857,82,1,1
4,-6,0.15,5.42,58,1,1
8,-2,0.76,6.401,68,0,1
3,-8,0.85,7.772,12,0,0
6,-1,0.4,7.432,77,0,0
8,-8,0.54,5.337,80,0,1
6,-6,0.75,4.629,70,0,1
10,-3,0.91,5.018,47,1,0
3,-4,0.29,5.136,21,0,1
4,-7,0.16,7.721,24,0,0
8,-2,0.18,6.871,26,1,1
3,-7,0.08,5.139,64,0,0
8,-2,0.97,8.251,66,1,0
6,-6,0.43,8.337,39,0,1
2,-2,0.9,7.218,44,0,1
6,-8,0.51,7.899,38,0,0
6,-6,0.55,8.077,79,1,0
4,-8,0.53,7.402,32,0,0
6,-6,0.2,8.135,82,1,1
4,-4,0.25,7.568,23,0,0
10,-4,0.07,6.458,79,1,0
6,-7,0.75,6.478,80,1,0
8,-4,0.57,4.843,40,0,1
8,-4,0.65999997,5.997,48,0,1
10,-2,0.28,7.874,86,1,1
6,-8,0.29000002,6.989,56,1,1
7,-3,0.02,4.219,46,0,0
6,-1,0.47,7.18,37,0,1
8,-4,0.050000012,6.365,42,0,1
5,-5,0.9,4.465,80,1,0
3,-1,0.97,5.374,34,1,0
6,-3,0.09,6.426,29,0,0
4,-6,0.45,7.816,46,0,0
7,-5,0.4,4.154,67,0,0
4,-6,0.16000003,9.487,56,0,1
2,-4,0.95,5.706,46,0,1
5,-6,0.18,4.539,59,0,0
10,-2,0.45,8.489,62,1,1
6,-2,0.25,6.791,82,1,1
8,-6,0.64,8.433,42,0,1
6,-5,0.96,6.854,42,1,0
5,-3,0.26,8.128,22,0,0
9,-5,0.28,7.244,46,0,0
6,-3,0.93,5.542,80,1,0
4,-4,0.32,4.77,72,1,1
10,-7,0.5,4.228,51,1,0
6,-2,0.82,4.336,64,0,1
4,-6,0.76,7.859,72,0,1
8,-2,0.5,4.659,86,1,0
8,-2,0.100000024,7.116,34,0,1
6,-8,0.35000002,5.136,16,1,1
8,-4,0.76,5.896,70,0,1
7,-6,0.9,8.978,41,1,0
7,-6,0.82,4.671,14,1,0
3,-3,0.23,8.985,13,0,1
3,-8,0.78,5.05,24,0,0
8,-7,0.67,7.27,78,1,0
7,-5,0.42,7.209,33,0,0
10,-4,0.43,5.715,25,1,0
8,-6,0.110000014,8.545,46,0,1
10,-2,0.37,7.746,74,1,0
4,-7,0.51,8.751,70,0,0
10,-5,0.69,5.812,53,1,0
8,-2,0.42000002,5.841,66,1,1
2,-8,0.77,7.783,56,0,1
3,-3,0.13,6.683,10,0,1
8,-6,0.22000003,5.421,80,1,1
3,-2,0.78,7.867,68,1,0
5,-8,0.56,4.171,23,0,0
10,-4,0.78,4.604,81,1,0
3,-5,0.1,5.681,88,0,0
10,-4,0.17,5.951,64,1,0
10,-8,0.71,4.158,39,1,0
6,-4,0.44,8.794,22,1,1
4,-4,0.79,8.144,78,1,0
5,-5,0.36,5.303,28,0,0
5,-5,0.19,5.902,76,0,0
4,-2,0.42,8.858,21,0,0
4,-4,0.17000002,7.901,56,0,1
4,-3,0.14,6.579,58,0,0
2,-2,0.94,4.126,40,0,1
4,0,0.46,4.984,88,1,1
8,-4,0.75,6.903,76,0,1
10,-2,0.110000014,8.77,70,1,1
10,-2,0.23000002,7.652,36,1,1
10,-4,0.23000002,6.355,20,1,1
6,-6,0.97,3.541,68,1,1
8,-6,0.7,8.476,12,0,0
3,-6,0.47,7.839,85,0,0
3,-6,0.91,4.186,73,1,0
6,-8,0.23000002,5.953,32,1,1
6,-6,0.46,7.654,72,1,1
4,-1,0.3,8.279,54,0,0
7,-5,0.37,4.228,18,0,0
3,-6,0.66,4.002,68,0,0
8,-2,0.84,7.494,81,1,0
6,-4,0.26,7.518,82,0,0
8,-8,0.36,5.307,17,0,0
3,-5,0.2,5.412,46,0,0
9,-6,0.32,8.717,66,1,0
10,-8,0.31,5.358,58,1,1
9,-4,0.37,8.116,89,1,0
4,-6,0.44,7.235,62,1,1
7,-7,0.48,5.708,14,0,0
6,-6,0.65999997,5.73,28,0,1
5,-7,0.9,7.735,66,1,0
4,-4,0.27,5.094,74,1,1
9,-7,0.71,6.722,33,1,0
4,-8,0.15,7.067,62,1,1
4,-4,0.36,4.534,36,1,1
9,-6,0.78,4.647,85,1,0
4,-8,0.78,3.921,40,0,1
4,-2,0.19,6.163,76,0,0
8,-3,0.16,4.585,18,0,0
2,-6,0.46,6.122,20,1,1
8,-6,0.94,6.847,62,1,1
8,-2,0.78999996,3.821,24,0,1
10,-7,0.54,8.082,29,1,0
8,-4,0.67,6.267,82,0,1
4,-5,0.17,7.558,47,0,0
2,-4,0.36,5.35,88,1,1
3,-4,0.86,4.125,51,0,0
6,-8,0.41,7.008,64,0,0
9,-5,0.87,4.246,62,1,0
8,-4,0.32,5.204,40,1,1
4,-4,0.46,7.63,12,0,1
6,-6,0.050000012,5.805,78,1,1
5,-6,0.26,5.984,68,0,0
10,-2,0.44,5.774,64,1,1
6,-6,0.02,6.889,70,0,1
6,-2,0.34,9.206,74,1,1
8,-4,0.17000002,6.732,42,1,1
5,-7,0.3,4.071,50,1,0
6,-2,0.36,4.501,68,1,1
4,-4,0.77,4.003,88,0,1
7,-5,0.44,4.622,65,1,0
3,-1,0.06,4.918,41,0,1
6,-4,0.47000003,8.194,12,1,1
8,-6,0.7,5.145,64,0,1
8,-4,0.36,7.235,72,1,1
5,-3,0.72,8.786,57,1,0
4,-6,0.26,7.32,57,0,0
6,-6,0.47000003,6.226,84,1,1
6,-4,0.31,7.228,48,1,1
8,-2,0.49,7.794,64,1,1
4,-6,0.77,6.504,48,1,0
9,-5,0.33,7.543,65,0,0
3,-4,0.43,5.982,27,0,0
10,-7,0.23,5.183,65,1,0
3,-5,0.46,8.224,26,0,0
7,-2,0.53,8.751,13,0,0
6,-2,0.13,8.767,76,0,1
5,-3,0.83,5.602,87,1,0
4,-6,0.03,8.07,86,0,1
6,-3,0.89,7.305,84,1,0
8,-2,0.27,4.854,34,1,1
4,-6,0.83,6.519,52,0,1
6,-8,0.36,7.681,80,1,1
5,-6,0.68,7.232,73,1,0
6,-6,0.38,9.382,16,1,1
7,-1,0.06,7.35,39,0,0
3,-8,0.98,7.06,40,1,0
8,-4,0.69,8.936,56,1,0
7,-4,0.94,4.975,65,1,0
8,-6,0.43,5.101,22,1,1
6,-6,0.89,5.277,70,1,1
4,-5,0.67,4.255,60,1,0
2,-4,0.9,7.73,54,0,1
4,-2,0.63,5.346,60,0,1
7,-8,0.25,6.947,55,0,1
4,-2,0.18,8.038,45,0,0
2,-6,0.75,7.506,50,0,1
6,-4,0.26,4.959,69,0,0
6,-8,0.34,7.91,56,0,0
8,-6,0.43,7.806,52,1,1
4,-6,0.14,7.059,80,1,1
3,-4,0.24,6.488,45,0,0
10,-8,0.4,6.982,56,1,1
8,-4,0.56,6.105,68,0,1
8,-6,0.3,4.537,46,1,1
8,-6,0.09,6.492,48,1,1
8,-7,0.62,8.871,35,0,0
8,-6,0.18,4.65,10,1,1
4,-5,0.99,6.782,63,1,0
8,-4,0.67,6.162,82,0,1
6,-2,0.39,8.159,54,1,1
10,-2,0.100000024,6.575,88,1,1
9,-1,0.85,8.846,69,1,0
9,-2,0.67,7.444,75,1,0
5,-8,0.28,8.868,17,0,0
4,-8,0.09,8.029,72,0,0
6,-7,0.73,6.18,43,1,0
8,-4,0.31,7.387,70,1,1
8,-4,0.36,6.096,86,1,1
4,-4,0.57,6.634,72,0,1
8,-4,0.76,5.519,26,0,1
8,-6,0.59,8.162,60,0,1
8,-4,0.38,4.534,76,1,1
4,-2,0.2,6.071,58,1,1
9,-5,0.09,6.323,87,1,0
9,-7,0.07,7.325,62,0,0
10,-2,0.33,8.281,54,1,1
4,-4,0.95,8.005,54,0,1
10,-3,0.65,8.113,31,1,0
10,-6,0.73,5.548,31,1,0
3,-6,0.77,5.574,81,1,0
2,-6,0.46,5.43,32,1,1
8,-2,0.16,6.02,12,0,0
7,-6,0.88,5.425,33,1,0
6,-6,0.26,8.337999,66,1,1
6,-8,0.5,8.132,16,0,0
6,-4,0.89,3.772,44,0,1
6,-8,0.57,4.257,70,0,1
8,-6,0.48000002,4.774,58,1,1
9,-3,0.03,4.941,85,0,0
9,-4,0.1,4.86,17,0,0
6,-6,0.26,5.717,70,1,1
3,-2,0.33,4.431,26,0,0
8,-2,0.39,8.462,82,1,1
3,-8,0.65,5.526,63,0,0
8,-3,0.72,4.937,22,1,0
8,-6,0.34,5.065,78,1,1
7,-4,0.67,7.064,75,1,0
6,-6,0.33,6.045,80,1,1
4,-3,0.24,8.743,19,0,1
3,-5,0.16,6.78,23,0,0
7,-5,0.38,4.893,32,0,0
8,-4,0.96,7.705,58,0,1
3,-6,0.16,7.811,30,0,1
2,-4,0.36,5.308,38,0,1
4,-6,0.27,8.215,64,1,1
10,-3,0.73,7.429,57,1,0
8,-2,0.38,8.964,30,1,1
4,-8,0.48,7.25,27,0,0
8,-2,0.28,8.027,24,1,1
6,-6,0.94,5.28,74,0,1
8,-4,0.16,7.482,18,0,0
4,-8,0.97,6.754,82,0,1
4,-7,0.95,4.089,87,1,0
8,-6,0.32,7.988,70,1,1
3,-3,0.09,4.972,20,0,0
4,-8,0.16000003,5.902,52,1,1
8,-2,0.34,7.787,42,1,1
10,-4,0.29000002,6.986,60,1,1
7,-7,0.67,7.221,83,1,0
4,-8,0.34,4.793,85,1,0
9,-2,0.89,6.195,72,1,0
8,-2,0.32,8.197,22,1,1
8,-4,0.42000002,4.712,68,1,1
6,-4,0.52,6.336,28,0,1
6,-2,0.45,5.622,13,0,0
4,-4,0.7,4.06,85,1,0
8,-4,0.54,6.283,28,0,1
3,-3,0.85,7.847,60,1,0
9,-7,0.48,8.367,38,0,0
5,-6,0.36,7.198,89,0,0
5,-4,0.9,7.893,62,1,0
5,-7,0.58,8.312,14,0,0
6,-5,0.74,6.287,14,0,0
10,-4,0.21,5.221,61,1,0
4,-2,0.8,7.8830004,72,0,1
4,-5,0.49,5.596,47,0,0
8,-4,0.32,8.207,32,1,1
9,-8,0.08,6.999,71,1,0
3,-6,0.33,8.707,21,0,0
6,-4,0.32,5.313,78,1,1
8,-4,0.53,8.765,71,1,0
6,-3,0.42,6.939,45,0,1
4,-2,0.47000003,8.796,40,1,1
4,-2,0.83,8.492,74,1,0
8,-6,0.33,9.225,20,1,1
8,-8,0.97,3.963,12,0,1
8,-6,0.45,7.748,76,1,1
7,-1,0.26,4.174,36,0,0
10,-2,0.12,4.983,19,1,0
6,-2,0.53,4.515,10,0,1
6,-1,0.44,6.12,63,0,0
6,-8,0.25,6.627,48,1,1
6,-4,0.55,4.357,36,0,1
3,-6,0.24,6.102,52,0,0
7,-4,0.61,8.515,33,0,0
6,-6,0.59,8.034,84,0,1
2,-4,0.99,4.917,32,0,1
6,-4,0.71,7.113,38,0,1
6,-6,0.29000002,9.105,60,1,1
2,-6,0.32,7.225,86,1,1
4,-5,0.97,4.16,24,1,0
2,-2,0.38,4.735,58,1,1
9,-1,0.4,7.781,68,1,0
6,-8,0.58,4.468,64,0,1
8,-6,0.35000002,8.522,30,1,1
6,-6,0.08,6.76,78,1,1
2,-6,0.33,4.809,62,1,1
8,-6,0.55,5.057,86,0,1
8,-3,0.17,6.404,19,0,0
6,-8,0.08,8.709,27,0,0
8,-4,0.3,9.232,72,1,1
2,-4,0.89,4.446,46,0,1
9,-5,0.4,7.175,88,1,0
9,-4,0.81,5.585,39,1,0
6,-2,0.19,5.474,70,0,0
2,-4,0.94,3.56,36,0,1
4,-1,0.21,5.723,31,0,1
8,-8,0.45,8.665,31,0,0
8,-8,0.27,4.931,89,0,0
4,-8,0.92,4.812,66,1,0
8,-4,0.81,7.416,72,0,1
3,-4,0.21,5.793,77,0,0
8,-8,0.49,9.367,88,1,1
7,-7,0.57,8.64,61,0,0
8,-8,0.21,6.905,10,1,1
9,-4,0.6,7.818,14,0,0
5,-7,0.42,8.543,56,0,0
9,-8,0.34,5.693,14,0,0
4,-2,0.93,4.301,72,0,1
8,-1,0.94,7.099,54,1,0
4,-2,0.95,7.439,67,1,0
7,-7,0.91,7.519,28,1,0
3,-6,0.81,7.67,85,1,0
6,-4,0.19,8.16,48,1,1
4,-6,0.8,5.339,48,0,1
4,-8,0.68,6.796,66,0,1
10,-8,0.29000002,6.32,86,1,1
4,-8,0.81,6.905,72,0,1
8,-2,0.22000003,5.373,88,1,1
2,-2,0.49,5.385,28,1,1
8,-2,0.62,7.742,56,0,1
8,-4,0.100000024,8.153999,48,0,1
8,-4,0.83,7.449,30,0,1
6,-8,0.78,4.864,70,0,1
8,-6,0.91999996,6.141,50,0,1
8,-8,0.18,6.721,16,1,1
3,-6,0.63,7.003,63,0,0
6,-4,0.17000002,8.625,54,1,1
5,-5,0.75,4.406,15,0,0
10,-4,0.24000001,5.49,46,1,1
2,-4,0.38,8.115,82,1,1
6,-6,0.69,4.233,18,0,1
8,-4,0.060000002,6.212,56,1,1
8,-2,0.07,6.678,52,1,1
5,-3,1.0,4.786,26,1,0
6,-8,0.25,7.59,32,0,0
8,-2,0.37,8.125,14,1,1
6,-8,0.02,6.02,50,1,1
4,-4,0.33,5.938,64,1,1
4,-5,0.98,4.805,78,1,0
10,-8,0.38,9.438,10,1,1
5,-1,0.74,7.478,74,1,0
5,-3,0.91,5.736,72,1,0
5,-3,0.41,6.854,57,0,1
6,-8,0.96,7.703,62,0,1
4,-5,0.37,5.756,50,0,0
6,-2,0.39,5.329,36,1,1
3,-1,0.36,4.013,73,0,0
8,-4,0.25,5.249,78,1,1
8,-8,0.47000003,5.895,50,1,1
6,-6,0.33,5.894,26,1,1
7,-8,0.36,5.5,29,1,1
6,-4,0.35000002,7.21,38,1,1
8,-6,0.67,7.186,26,0,1
2,-4,0.41000003,5.635,58,1,1
3,-1,0.06,5.175,51,0,0
8,-4,0.54,7.099,82,0,1
4,-8,0.5,4.561,84,1,0
10,-2,0.45,5.203,42,1,1
8,-6,0.47000003,8.947,24,1,1
6,-8,0.86,5.74,68,0,1
4,-6,0.86,5.253,28,0,1
4,-5,0.13,7.61,53,0,0
4,-2,0.27,7.061,86,1,1
6,-4,0.96,6.885,26,1,0
3,-8,0.05,8.474,21,0,1
5,-6,0.19,6.21,46,0,0
5,-7,0.75,8.66,28,0,0
8,-4,0.85,5.912,32,0,1
8,-2,0.78,4.898,70,0,1
8,-4,0.90999997,4.921,64,0,1
4,-8,1.0,5.727,44,1,0
4,-6,0.51,6.902,72,0,0
6,-8,0.35000002,6.083,58,1,1
4,-6,0.66,6.954,64,1,0
4,-8,0.34,7.634,86,1,1
8,-6,0.88,7.543,67,1,0
4,-2,0.04,4.448,64,0,0
10,-6,0.09,4.753,28,1,1
3,-3,0.09,4.469,87,0,1
8,-4,0.68,6.776,42,0,1
4,-4,0.48000002,9.436,28,1,1
7,-8,0.56,7.436,72,0,0
6,-2,0.44,6.533,72,1,1
6,-4,0.050000012,6.236,80,1,1
9,-8,0.29,8.513,30,0,0
3,-6,0.02,4.822,27,0,1
6,-8,0.24,5.368,58,0,1
2,-8,0.37,5.42,58,1,1
10,-3,0.4,7.092,42,1,0
10,-1,0.51,8.11,33,1,0
6,-6,0.14,4.148,11,0,0
8,-2,0.54,5.733,56,0,1
2,-8,0.71,7.451,64,0,1
5,-6,0.18,4.183,47,0,0
3,-4,0.97,7.64,84,1,0
7,-3,0.61,8.777,81,1,0
8,-7,0.58,7.487,40,0,0
6,-4,0.42000002,8.753,16,1,1
10,-7,0.77,6.23,27,1,0
6,0,0.32,6.432,30,1,1
6,-6,0.4,4.732,66,1,1
4,-4,0.69,7.965,84,1,0
8,-6,0.93,4.29,44,0,1
5,-7,0.42,5.193,67,0,0
3,-5,0.68,7.239,70,0,0
4,-4,0.53,7.396,77,0,0
5,-5,0.26,5.156,48,0,0
4,-4,0.05,5.165,33,0,1
4,-5,0.64,5.404,51,0,0
4,-4,0.17000002,8.959,78,1,1
10,-7,0.05,4.174,52,1,0
8,-6,0.64,6.658,38,0,1
4,-5,0.62,4.557,32,1,0
5,-4,0.08,7.238,39,0,0
4,-5,0.8,8.279,44,1,0
7,-1,0.79,5.268,62,1,0
6,-6,0.13,4.34,64,0,0
10,-8,0.44,8.094,68,1,1
8,-2,0.75,6.871,48,0,1
8,-6,0.81,6.759,30,0,1
10,-6,0.21,7.207,50,1,1
8,-2,0.95,5.74,56,0,1
9,-5,0.23,6.701,76,1,0
8,-6,0.55,5.057,27,0,0
3,-8,0.44,7.843,82,1,0
8,-4,0.47000003,6.707,10,1,1
8,-7,0.36,5.26,47,0,0
8,-8,0.6,7.804,68,0,1
4,-4,0.4,5.752,66,1,1
2,-2,0.47000003,9.033,34,1,1
9,-3,0.4,4.638,30,0,0
4,-2,0.91,5.268,36,1,0
5,-2,0.26,8.895,79,0,0
8,-4,0.45,4.945,16,0,0
8,-8,0.69,6.624,88,0,1
2,-6,0.7,3.626,64,0,1
10,-4,0.49,9.374,38,1,1
4,-6,0.77,4.116,62,0,1
8,-7,0.41,4.347,45,0,0
4,-8,0.34,7.894,52,1,1
6,-5,0.12,6.129,30,0,0
6,-4,0.45,5.84,30,1,1
6,-2,0.15,4.34,55,0,0
6,-5,0.7,6.241,43,1,0
6,-3,0.29,4.042,15,0,0
4,-4,0.19,9.009,72,1,1
8,-2,0.23000002,6.094,22,1,1
4,-8,0.47,6.754,41,0,0
8,-4,0.51,4.213,76,0,1
8,-6,0.24000001,6.03,50,1,1
6,-4,0.45,8.131,12,1,1
8,-2,0.03,7.436,42,1,1
3,-3,0.68,7.675,25,0,0
6,-8,0.83,5.829,70,1,1
6,-4,0.39,8.386,30,1,1
8,-4,0.63,5.948,14,0,1
4,-7,0.68,6.784,12,0,0
5,-4,0.38,4.43,39,0,0
4,-6,0.97,3.782,78,0,1
4,-2,0.46,9.199,82,1,1
4,-6,0.82,7.657,50,0,1
5,-3,0.45,7.393,19,0,0
8,-1,0.48,5.498,43,0,0
8,-5,0.86,6.09,27,1,0
8,-5,0.2,6.902,28,0,0
2,-6,0.29000002,7.925,54,0,1
10,-4,0.17000002,5.85,22,1,1
9,-6,0.12,7.316,10,0,0
10,-2,0.26,5.777,73,1,0
6,-6,0.5,8.246,82,1,1
4,-8,0.72,5.788,60,0,1
9,-3,0.73,5.692,31,1,0
8,-8,0.37,7.73,54,1,1
5,-1,0.64,6.618,76,0,0
4,-6,0.24,5.793,34,0,0
2,-8,0.94,3.514,34,0,1
4,-5,0.61,7.736,86,1,0
8,-4,0.01,4.327,10,0,0
8,-4,0.96,6.625,77,1,0
6,-2,0.34,6.376,65,0,0
6,-8,0.88,4.882,60,1,0
6,-4,0.44,7.861,34,1,1
4,-2,0.28,5.811,12,0,1
4,-5,0.08,8.248,22,0,0
8,-6,0.78,5.838,52,0,1
3,-3,0.75,4.259,38,0,0
6,-2,0.85,5.139,84,0,1
7,-5,0.19,4.033,37,0,0
8,-8,0.74,6.836,34,0,1
6,-8,0.77,7.107,82,1,0
5,-6,0.46,4.799,85,0,0
8,-8,0.28,5.645,79,0,0
8,-6,0.89,6.562,48,0,1
8,-8,0.83,3.956,42,0,1
8,-2,0.15,6.223,49,0,0
8,-7,0.35,6.509,51,0,0
10,-6,0.44,7.872,78,1,1
6,-4,0.37,8.412,40,1,1
6,-2,0.56,4.986,14,0,0
6,-2,0.28,7.953,80,1,1
6,-2,0.06,8.172,42,0,0
4,-2,0.49,7.103,44,1,1
5,-8,0.65,6.997,82,1,0
2,-4,0.35000002,4.896,86,1,1
8,-2,0.5,4.357,37,0,0
6,-8,0.04,7.668,84,0,0
6,-6,0.34,8.889,72,1,1
6,-6,0.31,9.042,80,1,1
6,-6,0.36,8.496,12,1,1
10,-5,0.53,8.886,27,1,0
8,-4,0.02,8.64,66,1,1
7,-5,0.66,4.559,58,1,0
4,-2,0.48000002,8.62,42,1,1
10,-2,0.33,6.995,25,0,0
6,-6,0.96,5.807,60,0,1
8,-3,0.84,4.989,79,1,0
4,-2,0.85,8.055,52,1,0
5,-3,0.81,6.308,22,0,0
6,-6,0.29000002,6.506,56,1,1
6,-2,0.36,7.397,30,1,1
8,-2,0.46,4.553,12,1,1
2,-2,0.34,9.439,82,1,1
4,-6,0.94,4.39,52,0,1
6,-4,0.54,4.539,54,0,1
7,-6,0.89,7.028,36,1,0
10,-8,0.11,8.437,35,1,0
8,-4,0.36,5.127,24,1,1
10,-6,0.45,7.997,79,1,0
8,-4,0.87,6.348,26,0,1
4,-4,0.08,8.792,86,1,1
5,-8,0.81,5.363,71,1,0
5,-7,0.91,5.229,82,1,0
6,-4,0.050000012,7.162,76,1,1
8,-5,0.59,7.184,61,0,0
4,-6,0.43,7.72,54,1,1
9,-3,0.4,6.155,35,1,0
3,-3,0.59,4.934,31,0,0
10,-4,0.26,5.099,80,1,1
6,-6,0.72,7.754,22,0,1
4,-4,0.08,7.735,86,0,1
3,-5,0.03,7.258,55,0,0
8,-4,0.29000002,6.001,28,1,1
8,-6,0.35000002,5.946,82,1,1
6,-7,0.53,7.824,52,0,0
9,-7,0.1,8.248,54,0,0
2,-4,0.90999997,4.578,28,0,1
7,-3,0.57,8.919,43,0,0
3,-1,0.38,5.123,10,0,0
3,-6,0.72,4.101,13,0,0
9,-3,0.95,5.478,15,1,0
8,-3,0.57,4.427,40,1,0
10,-6,0.08,6.806,18,1,1
9,-7,0.09,5.753,34,1,0
10,-4,0.34,6.582,38,1,1
3,-8,0.15,8.219,29,0,1
8,-4,0.9,7.353,44,0,1
6,-6,0.4,9.179,22,1,1
8,-4,0.44,6.189,16,1,1
8,-8,0.65,4.048,78,0,1
4,-2,0.4,8.887,78,1,1
8,-4,0.85,7.613,16,0,1
8,-2,0.2,5.583,70,1,1
5,-2,0.75,4.741,83,0,0
8,-6,0.35000002,8.76,32,1,1
4,0,0.5,8.373,56,1,1
5,-2,0.3,7.12,14,0,0
8,-8,0.48,7.361,82,1,0
6,-2,0.67,8.602,36,0,0
5,-2,0.71,4.678,17,0,0
4,-4,0.24000001,7.402,68,1,1
6,-3,0.78,8.586,44,0,0
8,-6,0.35000002,5.045,38,1,1
10,-4,0.1,5.924,44,1,0
9,-5,0.19,4.464,18,0,0
6,-2,0.15,5.985,57,0,0
8,-8,0.72,5.59,42,0,1
4,-4,0.21,8.559,49,0,0
9,-2,0.39,7.034,84,1,0
4,-6,0.46,4.757,66,1,1
5,-6,0.2,5.707,50,0,0
9,-2,0.34,7.868,63,0,0
2,-4,0.84,4.766,44,0,1
8,-2,0.28,7.324,26,1,1
6,-6,0.45,8.614,33,0,0
8,-3,0.85,4.447,37,1,0
5,-6,0.87,5.261,45,1,0
9,-5,0.07,6.685,89,0,0
8,-4,0.100000024,8.665,54,0,1
8,-2,0.38,6.375,12,1,1
7,-6,0.16,8.947,68,0,0
4,-7,0.15,6.119,21,0,1
6,-4,0.35000002,4.62,28,1,1
4,-4,0.26,8.257,60,0,1
7,-5,0.58,7.62,42,0,0
8,-4,0.37,8.291,20,1,1
10,-6,0.33,8.729,18,1,1
4,-8,0.01,8.148,47,0,1
6,-2,0.4,8.443,52,1,1
5,-3,0.76,6.651,84,1,0
9,-4,0.84,4.525,28,1,0
4,-8,0.3,8.275,34,1,1
3,-7,0.35,5.782,27,0,0
8,-6,0.38,6.41,85,0,0
9,-4,0.16,5.351,64,1,0
4,-4,0.16,6.262,19,0,1
6,-8,0.4,7.827,34,1,1
6,-6,0.9,5.566,76,1,1
8,-4,0.83,5.092,78,0,1
8,-4,0.87,4.527,36,0,1
4,-6,0.83,5.747,58,0,1
3,-2,0.05,7.259,57,0,1
8,-4,0.39,4.746,20,1,1
8,-4,0.37,8.341,74,1,1
6,-2,0.14,9.29,68,1,1
6,-6,0.2,8.421,54,0,1
5,-2,0.2,8.892,84,0,0
6,-7,0.77,6.201,32,1,0
10,-3,0.41,5.147,12,0,0
8,-3,0.55,7.751,67,0,0
3,-6,0.59,5.63,84,1,0
7,-6,0.8,6.986,35,1,0
8,-4,0.17000002,4.919,52,1,1
6,-4,0.28,8.461,55,0,0
6,-8,0.44,4.971,86,1,1
10,-2,0.18,4.864,50,1,0
6,-2,0.2,6.23,64,1,1
8,-2,0.75,7.051,64,0,1
2,-2,0.35000002,7.866,80,1,1
6,-2,0.18,5.095,72,1,1
8,-4,0.09,8.344999,22,1,1
3,-7,0.84,6.983,87,1,0
6,-8,0.13,4.882,58,0,0
9,-7,0.52,8.967,63,1,0
4,-8,0.15,7.364,80,1,1
9,-8,0.58,4.952,47,1,0
3,-5,0.95,7.674,35,1,0
5,-5,0.42,5.026,57,0,0
6,-4,0.47000003,9.049,30,1,1
6,-8,0.39,8.475,61,0,0
3,-8,0.77,6.326,43,1,0
4,-5,0.57,6.185,53,0,0
3,-2,0.85,8.763,27,0,0
7,-5,0.43,4.388,21,0,0
9,-2,0.52,7.649,87,1,0
2,-6,0.61,5.105,74,0,1
4,-4,0.35000002,5.378,58,1,1
3,-6,0.3,5.723,60,0,0
10,-2,0.4,8.936,36,1,0
4,-8,0.19,6.849,76,1,1
3,-4,0.21,5.072,63,0,0
10,-6,0.7,5.776,78,1,0
7,-2,0.64,5.281,32,0,0
4,-4,0.87,5.094,82,0,1
6,-7,0.6,6.853,65,1,0
8,-8,0.88,8.482,74,0,1
6,-6,0.21,8.814,72,1,1
6,-4,0.45,9.464,72,1,1
8,-8,0.22000003,9.036,84,1,1
4,-6,0.23000002,7.264,88,1,1
4,-2,0.24000001,4.843,78,1,1
6,-8,0.56,4.238,38,1,0
6,-6,0.15,4.557,36,0,1
3,-4,0.15,7.316,49,0,0
10,-4,0.26,4.214,30,1,0
8,-2,0.47000003,8.222,24,1,1
7,-6,0.86,4.871,63,1,0
5,-6,0.94,5.609,42,1,0
10,-7,0.09,7.998,62,1,0
6,-6,0.48000002,4.74,58,1,1
7,-2,0.96,6.497,30,1,0
8,-6,0.42000002,8.107,76,1,1
4,-4,0.87,5.36,22,0,0
5,-2,0.16,4.693,63,0,0
6,-2,0.56,8.391,36,0,1
8,-4,0.54,4.113,50,0,1
10,-4,0.42000002,7.278,18,1,1
6,-4,0.99,6.394,64,1,1
8,-6,0.03,5.22,80,1,1
10,-8,0.12,4.837,59,1,0
10,-8,0.19,7.106,52,1,1
7,-8,0.64,6.717,69,1,0
6,-7,0.19,6.218,80,0,1
4,-4,0.39,8.903,14,0,0
6,-5,0.32,7.057,64,0,0
8,-8,0.78,8.133,33,1,0
8,-6,0.5,9.011,36,1,1
10,-8,0.38,8.34,28,1,0
8,-5,0.33,4.289,25,0,0
6,-8,0.41000003,4.775,54,1,1
6,-7,0.47,5.439,11,0,0
8,-6,0.49,8.153,44,1,1
8,-6,0.87,4.704,14,0,0
8,-6,0.25,7.794,40,1,1
2,-4,0.36,7.039,76,1,1
6,-6,0.63,5.329,26,0,1
9,-1,0.14,6.561,36,0,0
5,-2,0.05,6.614,20,0,0
4,-8,0.4,6.299,64,0,0
4,-2,0.73,4.082,86,0,1
8,-4,0.01,6.587,18,0,0
10,-8,0.23000002,9.207,86,1,1
5,-5,0.79,5.59,40,1,0
10,-8,0.36,7.474,10,0,0
4,-8,0.04,4.509,20,0,0
6,-6,0.44,8.756,80,1,1
6,-8,0.97,6.536,62,1,1
6,-2,0.19,8.962,44,1,1
8,-8,0.37,5.402,11,0,0
6,-2,0.95,6.701,36,0,1
6,-4,0.28,6.7,14,0,1
10,-7,0.8,5.868,46,1,0
4,-4,0.43,4.653,74,1,1
4,-8,0.23000002,7.734,78,1,1
8,-6,0.65,5.357,32,0,0
8,-7,0.01,7.392,65,0,0
10,-2,0.39,7.495,31,1,0
8,-3,0.62,7.583,15,0,0
8,-4,0.27,6.929,28,0,0
4,-4,0.28,8.984,62,1,1
10,-3,0.18,7.78,18,1,0
9,-3,0.75,5.456,53,1,0
8,-4,0.5,8.066999,18,1,1
6,-4,0.050000012,9.193,80,1,1
4,-6,0.52,4.333,89,0,0
3,-8,0.79,5.888,57,0,0
8,-2,0.5,7.276,90,0,1
8,-8,0.64,7.351,68,0,1
4,-6,0.14,5.953,20,0,1
8,-6,0.95,4.838,12,0,1
8,-8,0.33,6.232,36,1,1
3,-6,0.75,6.993,85,0,0
6,-6,0.93,3.604,58,0,1
8,-8,0.17,4.781,24,0,0
8,-4,0.34,5.525,60,0,0
10,-4,0.23000002,8.932,68,1,1
4,-8,0.16000003,5.185,62,0,1
4,-4,0.76,8.083,56,0,1
8,-2,0.37,7.218,82,1,1
4,-4,0.35000002,4.52,64,1,1
4,-2,0.7,4.232,66,0,1
10,-2,0.25,8.147,15,1,0
4,-4,0.54,7.089,74,0,1
8,-4,0.67,5.394,74,0,1
5,-1,0.1,8.63,69,0,0
10,-4,0.48000002,6.619,78,1,1
2,-8,0.78999996,8.055,58,0,1
4,-6,0.74,7.081,90,0,1
3,-2,0.12,6.107,53,0,1
2,-6,0.48000002,9.425,24,1,1
10,-5,0.54,7.801,64,1,0
5,-7,0.13,6.448,39,0,0
2,-8,0.45,9.212,78,1,1
4,-2,0.84,7.372,70,0,1
10,-4,0.51,6.436,28,0,1
8,-4,0.120000005,9.33,64,1,1
6,-4,0.74,4.769,18,0,1
2,-4,0.39,4.982,48,1,1
6,-4,0.44,7.438,68,1,1
8,-8,0.67,4.444,86,0,1
8,-6,0.37,6.327,37,0,0
10,-2,0.1,5.131,58,1,0
3,-2,0.77,6.045,23,0,0
8,-8,0.69,5.227,64,0,1
4,-2,0.93,7.071,75,1,0
4,-2,0.17000002,8.325,74,1,1
10,-6,0.5,9.165,16,1,1
4,-8,0.6,7.466,21,0,0
7,-7,0.33,4.912,44,0,0
6,-2,0.25,4.907,58,1,1
9,-8,1.0,4.0,65,1,0
4,0,0.26,6.883,76,0,1
3,-5,0.18,6.237,69,0,0
8,-2,0.13,4.828,62,1,1
4,-6,0.32,5.176,26,0,0
9,-3,0.08,4.754,56,0,0
4,-3,0.09,7.52,38,0,1
8,-6,0.78,6.799,22,1,0
8,-2,0.8,6.077,18,1,0
3,-1,0.28,4.966,12,0,1
8,-4,0.110000014,6.909,62,1,1
6,-6,0.39,5.991,18,1,1
4,-6,0.95,7.109,30,0,1
10,-4,0.110000014,7.808,82,1,1
8,-6,0.41000003,7.616,22,1,1
3,-5,0.41,6.687,28,0,0
9,-5,0.74,5.418,76,1,0
8,-2,0.74,5.447,90,0,1
3,-4,0.68,6.676,39,0,0
8,-6,0.86,3.5770001,24,0,1
10,-2,0.12,6.167,34,1,0
4,-6,0.3,6.984,72,1,1
4,-4,0.95,5.554,54,1,0
7,-4,0.82,5.79,52,1,0
4,-4,0.44,5.35,44,1,1
7,-7,0.19,8.068,57,0,0
8,-1,0.13,7.156,31,0,0
5,-7,0.08,6.036,52,0,0
4,-8,0.55,6.414,70,0,1
4,-6,0.71,3.857,78,0,1
6,-5,0.08,6.23,83,0,0
6,-4,0.04000002,5.683,68,1,1
5,-4,0.84,8.66,26,0,0
3,-3,0.62,7.489,35,0,0
3,-7,0.14,5.574,27,0,0
2,-6,0.95,4.353,12,0,1
10,-2,0.100000024,5.288,44,1,1
9,-4,0.8,8.356,12,1,0
7,-2,0.85,6.2,87,1,0
9,-8,0.65,6.476,46,1,0
6,0,0.48000002,6.251,14,1,1
4,-8,0.9,6.197,78,0,1
10,-2,0.85,8.112,32,1,0
10,-6,0.8,6.487,80,1,0
7,-6,0.56,6.908,33,0,0
6,-6,0.6,5.784,32,0,1
4,-4,0.01,8.742,26,0,0
4,-4,0.98,7.535,38,0,1
10,-3,0.29,4.127,19,1,0
6,-2,0.13,7.842,80,1,1
8,-6,0.68,6.933,54,0,1
5,-2,0.76,8.342,14,0,0
6,-6,0.120000005,4.738,36,0,1
6,-5,0.22,7.814,31,0,0
10,-6,0.23000002,8.111,24,1,1
7,-8,0.84,8.468,72,1,0
10,-2,0.03,5.181,84,1,1
8,-4,0.4,5.505,32,1,1
4,-2,0.18,6.193,84,1,1
4,-6,0.45,6.179,66,1,1
6,-8,0.62,8.339,34,0,1
4,-2,0.31,5.3,82,1,1
6,-6,0.81,7.855,76,0,1
6,-2,0.07,8.201,13,0,0
8,-6,0.88,8.194,26,0,1
4,-7,0.39,4.717,36,0,0
3,-5,0.16,5.36,54,0,1
5,-4,0.24,6.714,14,0,0
4,-8,0.62,3.729,86,0,1
10,-2,0.43,5.055,86,1,1
6,-6,0.28,6.563,84,1,1
8,-4,0.83,6.653,40,0,1
8,0,0.37,6.385,60,1,1
5,-2,0.04,4.819,65,0,0
3,-8,0.74,7.452,64,0,0
6,-8,0.93,6.894,50,1,0
3,-7,0.82,6.39,76,1,0
8,-6,0.83,6.303,42,0,1
3,-3,0.56,5.985,47,0,0
5,-8,0.09,7.16,24,0,0
6,-3,0.99,8.845,13,1,0
3,-2,0.08,5.631,57,0,1
10,-6,0.27,6.611,37,1,0
2,-2,0.39,6.424,72,1,1
3,-2,0.26,7.827,55,0,1
3,-2,0.29,5.519,27,0,0
8,-2,0.13,4.793,78,1,1
8,-6,0.55,4.037,37,1,0
8,-4,0.42000002,4.768,52,1,1
6,-4,0.79,7.272,50,0,0
7,-4,0.81,8.693,84,1,0
10,-2,0.07,6.005,22,1,1
6,-4,0.01,4.383,10,0,0
8,-2,0.17000002,9.235,54,1,1
8,-4,0.48000002,7.001,34,1,1
10,-2,0.31,9.059,26,1,1
3,-6,0.09,4.346,12,0,1
8,-7,0.96,4.242,31,1,0
6,-2,0.65,5.164,48,0,0
8,-8,0.24000001,8.447,22,1,1
5,-7,0.24,8.645,43,0,0
9,-5,0.76,4.667,56,1,0
6,-4,0.42000002,4.809,80,1,1
7,-3,0.25,8.506,38,0,0
6,-6,0.4,4.965,76,1,1
6,-2,0.27,9.22,74,1,1
10,-8,0.97,8.693,50,1,0
6,-2,0.39,6.134,80,1,1
4,-4,0.26,6.963,20,0,1
6,-4,0.29000002,6.596,74,1,1
9,-6,0.74,6.599,73,1,0
9,-4,0.14,5.243,65,1,0
9,-4,0.17,5.747,61,1,0
5,-4,0.28,8.818,27,0,0
7,-8,0.17,7.872,15,0,0
10,-2,0.25,5.279,60,1,1
4,-8,0.93,8.35,80,0,1
8,-8,0.23000002,7.739,52,1,1
10,-8,0.05,6.348,26,1,0
5,-7,0.03,7.673,28,0,0
8,-6,0.2,6.51,42,1,1
9,-5,0.27,8.099,39,1,0
3,-5,0.75,4.386,64,0,0
7,-4,0.28,5.415,30,0,0
6,-6,0.55,4.173,22,0,1
4,-6,0.9,5.955,20,0,1
8,-2,0.89,4.88,86,0,1
3,-8,0.81,7.636,23,0,0
4,-6,0.16,5.742,11,0,1
8,0,0.18,9.265,62,1,1
10,-4,0.18,5.694,12,0,0
6,-7,0.13,6.539,79,0,0
6,-2,0.75,8.203,68,0,1
10,-6,0.32,7.462,27,1,0
8,-7,0.46,7.703,23,0,0
4,-8,0.110000014,9.137,70,1,1
4,-5,0.12,5.717,45,0,1
10,-8,0.23,8.778,18,1,0
6,-8,0.42000002,8.438,86,1,1
6,-6,0.42000002,5.811,34,1,1
10,-8,0.96,7.094,74,1,0
6,-5,0.35,8.925,56,0,1
5,-3,0.67,4.114,68,1,0
6,-6,0.26,6.168,22,0,0
8,-8,0.36,7.593,20,1,1
5,-7,0.55,5.131,85,1,0
8,-6,0.91999996,3.506,44,0,1
4,-2,0.33,5.639,54,1,1
5,-8,0.83,6.919,29,1,0
10,-8,0.69,6.08,69,1,0
8,-4,0.8,5.084,32,0,1
6,-6,0.82,5.354,79,1,0
8,-1,0.89,8.789,60,1,0
4,-8,0.27,6.801,46,1,1
4,-2,0.16000003,5.008,76,0,1
6,-6,0.54,4.858,46,0,1
7,-7,0.41,8.095,54,0,0
10,-4,0.42000002,7.855,14,1,1
4,-7,0.42,5.417,70,0,0
7,-5,0.72,7.126,18,0,0
4,-2,0.24,4.944,85,0,0
5,-6,0.94,5.424,55,1,0
8,-5,0.89,5.519,37,1,0
8,-5,0.67,8.881,27,1,0
7,-8,0.84,8.259,59,1,0
6,-8,0.78,6.896,12,0,1
7,-7,0.38,6.4,68,0,0
3,-5,0.02,5.571,67,0,0
10,-3,0.4,7.06,77,1,0
4,-4,0.7,4.347,78,1,0
4,-7,0.53,6.723,66,0,0
8,-8,0.41000003,4.889,32,1,1
4,-4,0.17000002,5.403,82,0,1
9,-2,0.15,5.831,33,1,0
9,-5,0.46,8.675,82,0,0
7,-7,0.82,8.48,51,1,0
6,-2,0.93,4.786,62,0,1
6,-2,0.42,4.192,89,0,0
4,-2,0.81,8.905,69,1,0
10,-4,0.67,7.957,19,1,0
10,-7,0.42,6.211,49,1,0
9,-7,0.11,8.658,67,0,0
9,-5,0.31,5.151,49,1,0
8,-8,0.43,6.547,28,0,0
8,-4,0.99,3.7150002,14,0,1
8,-4,0.83,5.755,46,0,1
8,-8,0.81,7.809,87,1,0
4,-1,0.97,4.387,21,1,0
6,-8,0.74,4.987,88,0,1
6,-2,0.09,4.721,70,0,0
3,-8,0.03,6.174,10,0,1
3,-4,0.64,7.661,36,0,0
6,-6,0.95,7.117,50,0,1
9,-6,0.15,8.273,43,0,0
6,-2,0.22000003,5.324,70,1,1
9,-3,0.91,4.792,80,1,0
9,-3,0.54,4.273,61,1,0
3,-3,0.01,6.398,25,0,1
8,-6,0.46,7.929,76,1,1
8,-7,0.47,8.078,10,0,0
9,-1,0.47,7.759,34,1,0
4,-4,0.84,5.156,76,0,1
6,-6,0.110000014,5.1,56,1,1
4,-3,0.23,8.248,80,0,0
5,-3,0.84,7.965,49,1,0
6,-4,0.77,3.5300002,82,0,1
8,-5,0.84,6.5,69,1,0
6,-8,0.56,7.082,12,0,1
10,-7,0.47,5.511,55,1,0
6,-6,0.28,6.109,14,0,1
4,-6,0.37,9.391,50,1,1
6,-8,0.41,7.631,55,0,0
8,-7,0.93,5.854,52,1,0
6,-8,0.79,4.733,87,1,0
4,-4,0.49,7.186,74,1,1
10,-2,0.54,8.091,53,1,0
5,-1,0.24,7.382,80,0,0
8,0,0.36,7.545,42,1,1
8,-3,0.09,7.97,76,0,0
8,-8,0.75,8.045,75,1,0
4,-8,0.91,5.059,15,1,0
4,-4,0.24000001,5.472,66,1,1
4,-4,0.45,7.556,49,0,0
10,-6,0.54,8.398,20,0,1
6,-8,0.1,5.166,50,0,0
3,-8,0.28,8.892,15,0,1
5,-6,0.68,8.42,27,0,0
6,-4,0.6,8.276,34,0,1
8,-4,0.37,5.744,12,1,1
6,-1,0.27,6.177,80,0,0
5,-7,0.79,8.02,53,1,0
9,-7,0.81,6.145,64,1,0
8,-8,0.81,6.45,26,0,1
6,-6,0.12,8.225,13,0,0
9,-6,0.28,8.19,41,0,0
8,-5,0.51,5.674,26,0,0
8,-6,0.8,6.778,37,1,0
5,-4,0.21,4.158,85,0,0
4,-4,0.45,8.807,80,1,1
9,-5,0.38,8.446,13,1,0
8,-7,0.4,5.729,33,0,0
9,-2,0.79,4.064,68,1,0
6,-6,0.29,5.749,63,0,1
5,-2,0.89,5.612,66,1,0
4,-2,0.69,6.399,58,0,1
4,-4,0.36,8.301,38,0,0
5,-7,0.92,5.288,21,1,0
8,-2,0.03,9.294,68,1,1
6,-4,0.88,3.979,88,0,1
4,-8,0.43,6.828,52,1,1
3,-4,0.88,4.252,14,0,0
6,-6,0.93,5.846,80,0,1
6,-8,0.5,6.341,32,0,1
6,-2,0.39,5.327,48,1,1
4,-5,0.25,8.011,20,0,0
8,-4,0.54,3.6950002,56,0,1
9,-4,0.62,5.534,77,1,0
10,-7,0.3,6.459,56,1,0
6,-8,0.73,6.366,10,0,1
5,-5,0.62,5.325,20,1,0
8,-8,0.85,7.31,42,0,1
5,-2,0.94,6.682,89,1,0
3,-8,0.25,5.075,44,0,0
3,-7,0.01,4.537,11,0,1
8,-2,0.79,7.012,80,1,0
2,-4,0.82,6.435,64,0,1
6,-2,0.38,9.363,64,1,1
8,-2,0.38,5.852,34,1,1
8,-4,0.02,9.367,44,1,1
5,-2,0.33,5.492,52,0,0
6,-8,0.85,4.105,50,0,1
8,-2,0.74,4.143,60,0,1
6,-6,0.73,4.194,36,0,1
7,-8,0.14,7.633,79,0,1
8,-8,0.19,4.992,54,1,1
8,-8,0.46,7.203,64,1,1
4,-8,0.75,7.7390003,60,0,1
6,-7,0.33,5.735,22,0,0
8,-8,0.2,8.703,40,1,1
10,-2,0.47000003,8.416,22,1,1
5,-4,0.1,8.662,23,0,0
10,-2,0.25,9.271,52,1,1
10,-2,0.26,9.312,64,1,1
7,-3,0.76,4.367,32,0,0
10,-8,0.98,8.273,60,1,0
6,-6,0.05,4.811,25,0,0
6,-6,0.84,4.801,52,0,1
5,-4,0.4,8.514,64,0,1
4,-8,0.98,5.445,86,1,1
8,-8,0.75,4.079,60,0,1
8,-2,0.42000002,4.566,32,1,1
4,-8,0.11,8.491,74,0,0
6,-4,0.01,5.093,25,0,0
8,-2,0.17000002,8.788,32,1,1
4,-4,0.19,7.353,38,0,0
2,-6,0.41000003,8.827,48,1,1
4,-2,0.42,8.84,51,0,0
10,-6,0.95,5.055,12,1,0
6,-4,0.29000002,6.533,34,0,1
9,-3,0.35,7.274,85,1,0
8,-4,0.78,6.248,47,1,0
8,-4,0.4,5.104,59,0,0
7,-4,0.36,8.952,27,0,0
7,-8,0.91,7.051,29,1,0
8,-6,0.7,5.757,12,0,1
6,-6,0.44,6.109,83,1,0
8,-8,0.72,5.019,78,1,1
9,-8,0.94,4.798,12,1,0
5,-7,0.73,4.671,35,1,0
4,-4,0.68,7.334,78,0,1
10,-5,0.65,6.048,76,1,0
4,-8,0.69,6.905,62,0,1
7,-1,0.51,6.433,61,0,0
8,-6,0.35000002,5.537,10,1,1
7,-8,0.82,8.798,23,1,0
10,-6,0.25,5.088,52,1,1
9,-7,0.42,6.352,72,1,0
8,-4,0.55,7.8450003,36,0,1
6,-4,0.56,4.859,26,0,1
6,-2,0.96,6.518,74,0,1
10,-7,0.19,5.154,40,1,0
4,-4,0.17000002,6.493,68,1,1
6,-6,0.99,7.6470003,52,0,1
3,-7,0.09,7.364,56,0,0
4,-6,0.31,7.942,44,1,1
6,-4,0.83,4.872,48,1,1
4,-8,0.98,8.393,22,0,1
6,-4,0.16000003,7.529,60,0,1
3,-4,0.06,5.479,77,0,0
5,-5,0.09,7.281,84,0,0
7,-6,0.49,4.873,53,0,0
9,-6,0.11,7.122,18,0,0
8,-1,0.59,6.85,78,0,0
5,-6,0.07,6.269,20,0,0
3,-5,0.68,8.815,44,0,0
4,-2,0.37,6.874,48,1,1
6,-4,0.39,8.039,80,0,0
8,-6,0.29000002,9.07,76,1,1
8,-7,0.46,5.759,84,1,0
4,-3,0.48,5.174,18,0,0
6,-6,0.46,7.821,68,1,1
5,-5,0.89,8.58,48,1,0
3,-2,0.67,8.424,47,0,0
6,-8,0.96,6.606,46,0,1
8,-8,0.58,5.331,22,0,1
8,-8,0.53,5.725,78,0,1
8,-4,0.34,6.024,68,1,1
4,-6,0.36,8.396999,58,1,1
4,-6,0.28,5.844,19,0,0
8,-5,0.17,8.495,31,0,0
4,-2,0.58,7.98,71,0,0
6,-7,0.4,7.162,28,0,1
2,-2,0.37,6.226,84,1,1
4,-3,0.34,6.435,86,0,0
10,-6,0.35000002,7.891,46,1,1
6,-4,0.37,8.227,22,1,1
9,-6,0.04,5.209,52,1,0
8,-6,0.68,6.812,60,1,0
8,-4,0.45,8.857,60,1,1
4,-6,0.46,6.089,68,1,1
4,-2,0.75,6.565,18,0,0
6,-6,0.26,8.661,72,1,1
8,-6,0.14,7.026,34,0,1
8,-6,0.88,7.158,20,1,0
9,-7,0.28,5.67,46,1,0
5,-8,0.91,5.701,29,0,0
8,-2,0.88,4.448,44,0,1
8,-4,0.26,8.693,52,1,1
8,-7,0.51,4.07,32,0,0
4,-3,0.6,4.505,55,0,0
6,-8,0.48000002,7.665,58,1,1
4,-2,0.74,6.998,74,1,0
9,-2,0.69,6.078,76,1,0
4,-2,0.5,8.216,54,1,1
6,-4,0.33,7.35,78,1,1
9,-7,0.07,8.054,26,0,0
4,-4,0.09,4.832,36,0,1
8,-4,0.69,5.295,16,0,1
6,-8,0.5,6.437,54,0,1
6,-6,0.89,8.38,18,0,1
3,-8,0.05,8.876,13,0,1
7,-6,0.12,5.838,72,0,0
4,-4,0.03,8.247,77,0,1
6,-6,0.4,5.55,25,0,1
4,-4,0.17,4.309,88,0,0
8,-4,0.54,4.17,16,0,1
10,-4,0.2,7.165,28,1,1
8,-6,0.43,7.551,42,1,1
4,-6,0.25,7.797,70,1,1
8,-2,0.45,8.307,50,1,1
2,-8,0.4,5.546,42,1,1
8,-4,0.46,5.217,42,1,1
6,-6,0.100000024,7.891,88,1,1
5,-2,0.65,4.267,40,0,0
8,-4,0.110000014,6.761,88,0,1
4,-8,0.73,8.675,33,0,0
6,-2,0.46,5.369,84,0,0
6,-8,0.74,4.616,40,0,1
8,-6,0.26,8.999,40,1,1
4,-5,0.43,6.761,76,0,0
8,-4,0.33,7.607,32,1,1
3,-6,0.24,4.413,86,0,0
4,-7,0.39,8.364,61,0,0
4,-4,0.05,7.577,11,0,0
6,-4,0.57,8.153,74,0,1
4,-6,0.79,7.843,88,1,0
6,-4,0.47,8.909,19,0,0
8,-8,0.59,7.043,84,0,1
3,-8,0.11,5.768,53,0,1
8,-3,0.05,6.303,44,0,0
4,-6,0.31,5.943,50,0,1
8,-8,0.63,6.728,26,0,1
10,-8,0.18,6.305,64,1,1
6,-4,0.99,7.721,48,0,1
3,-7,0.1,5.914,33,0,0
6,-6,0.84,6.375,86,0,1
4,-8,0.44,7.548,32,1,1
4,-6,0.8,5.603,66,1,0
5,-6,0.59,8.722,64,1,0
10,-8,0.63,5.101,87,1,0
10,-2,0.77,7.039,74,1,0
7,-8,0.85,7.828,38,1,0
4,-2,0.49,4.407,88,0,0
4,-6,0.94,5.559,56,0,1
9,-8,0.32,5.223,33,0,0
10,-4,0.51,7.041,26,0,1
8,-8,0.83,4.726,90,1,1
8,-4,0.28,8.442,61,0,0
6,-4,0.46,4.642,40,1,1
2,-2,0.45,8.165,44,1,1
8,-6,0.01,5.281,52,0,1
10,-8,0.19,6.003,56,1,1
2,-2,0.41000003,4.959,64,1,1
6,-8,0.4,6.75,14,1,1
8,-4,1.0,4.373,41,1,0
8,-4,0.33,8.274,56,1,1
7,-5,0.65,7.854,45,1,0
6,-4,0.44,6.747,36,1,1
4,-3,0.09,8.142,52,0,1
5,-4,0.89,4.168,81,1,0
2,-8,0.6,3.9060001,80,0,1
4,-6,0.38,7.777,40,1,1
6,-2,0.34,8.502,50,1,1
6,-6,0.42000002,7.848,22,1,1
10,-7,0.76,7.194,29,1,0
8,-8,0.29000002,4.722,74,1,1
7,-5,0.44,7.538,35,0,0
9,-8,0.43,6.159,36,0,0
10,-2,0.14,4.228,75,1,0
8,-4,0.09,8.782,78,1,1
8,-4,0.33,8.685,29,0,0
5,-6,0.86,6.137,82,1,0
6,-5,0.06,8.636,49,0,0
3,-3,0.87,6.92,87,1,0
7,-2,0.32,5.041,80,0,0
9,-4,0.5,7.737,33,0,0
4,-4,0.32,6.517,48,1,1
6,-8,0.24000001,6.627,58,1,1
4,-4,0.08,8.537,23,0,0
6,-7,0.96,7.379,41,1,0
8,-6,0.34,7.479,48,1,1
8,-6,0.75,8.078,40,0,1
4,-6,0.48000002,5.966,74,1,1
9,-5,0.92,5.153,14,1,0
8,-5,0.45,8.561,73,0,0
10,-8,0.38,5.237,50,1,1
6,-2,0.08,9.455,80,0,1
5,-8,0.92,8.15,40,1,0
3,-1,0.13,8.13,76,0,1
8,-6,0.18,6.549,24,1,1
8,-6,0.96,4.417,26,0,1
5,-4,0.25,5.96,36,0,0
8,-2,0.8,3.615,46,0,1
6,-7,0.95,4.008,66,1,0
6,-6,0.91999996,5.504,42,0,1
8,-2,0.82,4.44,58,0,1
10,-6,0.16000003,5.341,50,1,1
2,-4,0.35000002,6.204,68,1,1
6,-4,0.93,4.053,72,0,1
8,-6,0.81,4.326,76,1,0
7,-5,0.96,4.794,19,1,0
6,-7,0.47,5.457,21,0,0
6,-6,0.28,8.274,44,1,1
8,-2,0.19,6.202,10,0,0
5,-1,0.72,8.449,31,0,0
8,-6,0.83,4.31,27,1,0
8,-8,0.58,4.757,64,0,1
2,-8,0.39,7.343,52,1,1
7,-3,0.05,5.204,18,0,0
9,-8,0.81,4.879,15,1,0
8,-4,0.85,5.795,16,0,1
3,-3,0.89,5.071,52,1,0
8,-5,0.6,7.557,57,0,0
8,-6,0.37,8.242,82,1,1
6,-8,0.17000002,6.44,74,1,1
4,-8,0.64,6.19,82,0,1
10,-4,0.120000005,7.256,80,1,1
8,-7,0.76,7.461,77,1,0
9,-4,0.37,6.055,15,0,0
8,-2,0.55,5.906,40,0,1
3,-3,0.2,8.266,39,0,1
8,-4,0.77,7.216,34,0,1
8,-6,0.33,6.51,60,1,1
9,-8,0.99,5.008,20,1,0
4,-2,0.39,5.848,74,1,1
8,-8,0.69,4.301,58,0,1
4,0,0.31,8.826,66,0,1
7,-2,0.46,6.88,57,0,0
8,-7,0.54,4.565,54,0,0
10,-7,0.32,7.716,11,1,0
8,-6,0.23000002,4.871,64,1,1
9,-3,0.4,8.609,20,1,0
8,-2,0.97,7.038,26,0,1
5,-6,0.96,5.851,21,1,0
8,-4,0.32,6.719,66,1,1
9,-1,0.52,5.291,34,0,0
8,-8,0.94,8.126,66,1,0
3,-2,0.07,7.826,43,0,1
4,-6,0.45,8.452,66,0,0
6,-8,0.93,4.424,24,0,1
8,-6,0.93,4.788,74,1,1
8,-6,0.74,6.135,60,0,1
6,-6,0.28,9.421,16,0,1
2,-8,0.87,7.5530005,18,0,1
3,-8,0.08,4.601,13,0,1
7,-6,0.59,8.43,82,1,0
10,-3,0.13,4.938,50,1,0
8,-2,0.17,4.445,39,0,0
6,-4,0.42000002,8.426,70,1,1
7,-3,0.42,4.038,51,0,0
9,-4,0.93,7.49,40,1,0
8,-7,0.73,4.875,43,0,0
10,-4,0.3,5.336,70,1,1
6,-2,0.86,4.455,90,0,1
10,-2,0.29000002,7.638,58,1,1
7,-2,0.46,4.827,33,0,0
6,-4,0.43,7.642,60,1,1
3,-1,0.86,4.046,24,0,0
8,-2,0.27,8.191999,78,1,1
10,-6,0.83,4.62,70,1,0
3,-7,0.46,6.347,53,0,0
3,-8,0.33,7.423,15,0,0
8,-6,0.31,7.573,58,1,1
8,-8,0.100000024,5.427,70,1,1
6,-8,0.91999996,8.103,82,0,1
4,-6,0.38,6.566,24,0,0
4,-8,0.05,4.606,54,0,0
6,-8,0.98,4.295,62,1,1
4,-8,0.74,8.23,66,0,1
8,-4,0.15,8.252,52,1,1
4,-4,0.65,6.389,88,0,1
6,-4,0.74,4.401,88,1,0
4,-4,0.46,9.217,70,1,1
4,-8,0.62,8.344,81,1,0
10,-4,0.11,4.483,21,1,0
6,-8,0.72,7.035,16,0,1
6,0,0.34,6.735,58,1,1
10,-4,0.36,4.367,50,1,0
10,-6,0.15,6.821,40,1,1
9,-6,0.68,7.383,71,1,0
5,-1,0.8,6.927,29,1,0
4,-8,0.17000002,6.542,72,1,1
4,-4,0.88,7.193,46,0,1
4,-6,0.75,5.113,90,0,1
4,-5,0.45,6.957,16,0,0
3,-3,0.05,4.966,50,0,0
4,-4,0.94,8.816,39,1,0
7,-8,0.34,6.986,84,0,0
8,-8,0.76,8.522,41,1,0
6,-2,0.43,9.06,32,1,1
9,-6,0.58,4.971,25,1,0
3,-5,0.12,7.123,31,0,0
8,-4,0.09,4.547,40,0,1
6,-8,0.29,5.074,83,0,0
7,-3,0.86,7.293,20,1,0
8,-6,0.13,8.145,42,1,1
10,-6,0.39,6.514,38,1,1
6,-2,0.43,4.167,63,0,0
4,-2,0.26,8.143,78,1,1
8,-1,0.23,6.635,81,0,0
5,-1,0.94,6.593,73,1,0
5,-7,0.25,6.254,72,0,0
8,-6,0.71,5.986,12,0,1
8,-6,0.18,5.255,40,1,1
8,-6,0.42000002,8.212999,50,1,1
10,-4,0.27,6.546,46,1,0
10,-8,0.99,8.224,25,1,0
8,-2,0.03,4.906,80,0,1
8,-2,0.050000012,4.881,24,0,1
8,-4,0.61,5.965,50,0,1
6,-2,0.22000003,7.026,46,1,1
6,-8,0.77,4.589,90,0,1
3,-4,0.59,4.082,39,0,0
4,-4,0.22000003,5.572,62,1,1
4,-3,0.24,4.18,23,0,0
5,-6,0.71,8.86,44,0,0
5,-1,0.9,6.336,15,1,0
6,-8,0.98,6.788,40,1,1
6,-3,0.24,8.358,45,0,0
8,-7,0.65,7.922,53,1,0
5,-8,0.93,8.733,74,1,0
6,-6,0.03,6.732,39,0,0
6,-5,0.34,6.298,30,0,0
9,-3,0.03,5.785,28,0,0
10,-2,0.32,7.684,55,1,0
8,-6,0.88,4.953,22,0,1
5,-8,0.95,5.429,27,1,0
8,-5,0.0,7.881,64,0,0
6,-2,0.75,7.157,46,0,1
8,-8,0.92,4.2,86,1,0
3,-4,0.32,7.996,45,0,0
8,-4,0.4,4.898,52,1,1
2,-2,0.8,7.846,62,0,1
10,-4,0.5,6.087,27,1,0
8,-2,0.75,5.511,71,1,0
3,-3,0.1,8.793,18,0,1
6,-2,0.47,7.072,46,0,0
10,-3,0.22,7.497,72,1,0
8,-4,0.21,8.076,80,1,1
5,-8,0.28,7.486,14,0,0
8,-6,0.13,9.205,16,0,1
9,-2,0.24,8.735,55,0,0
6,-3,0.24,4.643,74,0,0
4,-2,0.43,5.691,47,0,0
6,-2,0.34,8.919,80,0,0
7,-5,0.77,6.234,70,1,0
10,-2,0.01,6.669,52,1,1
4,-4,0.07,6.788,80,0,1
4,-2,0.81,6.339,75,1,0
8,-2,0.97,6.27,53,1,0
10,-2,0.17000002,8.755,36,1,1
6,-6,0.22000003,5.916,74,1,1
3,-7,0.8,4.811,54,0,0
6,-8,0.85,7.481,32,0,1
7,-4,0.7,7.465,28,1,0
8,-6,0.96,5.849,28,0,1
8,-4,0.02,7.976,60,1,1
4,-2,0.33,4.107,43,0,0
9,-7,0.58,5.423,12,1,0
3,-4,0.04,6.766,20,0,1
3,-6,0.37,7.958,88,0,0
7,-8,0.22,7.498,88,1,0
8,-8,0.96,5.365,38,0,1
5,-5,0.82,6.816,51,1,0
6,-2,0.55,4.965,32,0,1
8,-6,0.5,5.062,43,0,0
4,-2,0.89,4.477,60,0,1
3,-8,0.57,8.879,70,0,0
8,-8,0.27,6.632,16,1,1
10,-4,0.37,6.973,42,1,1
8,-8,0.32,6.767,81,0,0
4,-4,0.3,5.928,44,1,1
4,-3,0.14,5.546,34,0,1
7,-8,0.39,5.164,13,0,0
6,-6,0.85,7.151,32,0,1
6,-2,0.8,4.441,40,1,0
10,-5,0.95,8.162,11,1,0
6,-4,0.3,4.919,19,0,0
10,-5,0.45,5.473,77,1,0
8,-6,0.23000002,7.085,80,1,1
8,-8,0.72,5.109,46,0,1
10,-6,0.69,7.746,38,1,0
8,-4,0.90999997,6.967,68,0,1
2,-6,0.32,8.183,84,1,1
6,-6,0.2,6.748,70,1,1
4,0,0.29000002,9.31,72,0,1
2,-8,0.94,8.037,40,0,1
8,-4,0.01,5.026,88,1,1
5,-8,0.86,8.032,81,1,0
6,-2,0.42,8.672,13,0,0
9,-2,0.88,7.356,42,1,0
3,-8,0.21,6.686,60,0,0
9,-5,0.75,5.799,19,0,0
4,-4,0.25,9.434,40,0,1
8,-8,0.25,8.604,40,0,0
4,-6,0.64,7.568,30,0,0
6,-6,0.39,9.069,26,1,1
3,-5,0.59,5.659,12,0,0
6,-8,0.64,7.428,70,0,1
8,-1,0.64,7.887,65,0,0
8,-7,0.48,4.659,37,0,0
2,-6,0.87,7.178,24,0,1
10,-6,0.21,5.221,29,1,0
6,-2,0.99,5.23,90,0,1
10,-8,0.39,9.039,38,1,1
5,-5,0.73,7.452,49,1,0
10,-8,0.57,7.516,17,1,0
3,-7,0.46,6.165,41,0,0
4,-3,0.31,6.751,44,0,0
8,-2,0.94,4.662,18,0,1
7,-6,0.03,5.709,48,0,0
8,-8,0.52,8.577,67,1,0
2,-4,0.88,7.565,46,0,1
2,-4,0.38,5.266,62,1,1
7,-1,0.19,6.862,44,0,0
6,-4,0.22000003,6.466,38,1,1
8,-7,0.37,5.358,81,1,0
10,-4,0.5,9.386,30,1,1
3,-6,0.02,6.439,27,0,0
6,-3,0.48,5.131,48,0,0
10,-6,0.46,6.024,55,1,0
6,-8,0.79,6.809,11,0,0
6,-5,0.65,4.493,68,1,0
4,-6,0.68,5.097,82,0,1
3,-3,0.47,4.907,10,0,0
6,-2,0.6,4.416,59,0,0
5,-6,0.39,5.038,72,1,0
6,-6,0.94,8.875,28,1,0
8,0,0.42000002,5.938,20,1,1
4,-4,0.050000012,6.882,88,1,1
3,-5,0.14,6.079,43,0,1
7,-6,0.5,6.227,54,0,0
6,-4,0.55,6.346,72,0,1
4,-7,0.79,4.252,79,1,0
3,-4,0.98,7.638,74,1,0
8,-6,0.89,7.703,24,0,1
9,-6,0.2,4.075,24,0,0
2,-8,0.7,5.683,70,0,1
6,-6,0.15,5.407,37,0,0
3,-5,0.2,8.042,55,0,0
8,-4,0.3,6.589,62,1,1
6,-4,0.43,5.281,60,1,1
5,-5,0.76,7.84,67,1,0
8,-3,0.66,8.473,18,0,0
8,-2,0.34,5.828,85,0,0
4,-2,0.55,4.114,85,0,0
6,-7,0.92,6.463,31,1,0
2,-6,0.41000003,8.243,58,1,1
6,-6,0.56,7.53,24,0,1
6,-5,0.5,8.996,16,0,0
8,-6,0.8,4.405,70,0,1
4,-8,0.76,4.542,42,0,1
10,-3,0.34,4.701,89,1,0
6,-6,0.33,5.216,62,1,1
10,-6,0.37,6.271,80,1,1
6,-6,0.95,7.301,60,1,1
4,-8,0.73,7.188,68,0,1
7,-2,0.81,5.004,45,1,0
8,-6,0.59,3.779,54,0,1
8,-4,0.38,8.657,68,1,1
3,-2,0.2,4.309,80,0,0
8,-6,0.04000002,6.811,36,0,1
6,-6,0.060000002,5.418,64,1,1
6,-2,0.37,6.232,88,0,0
6,-6,0.15,4.9,78,1,1
8,-4,0.48000002,5.663,72,1,1
4,-4,0.98,5.94,12,0,1
6,-4,0.96,8.487,37,1,0
4,-6,0.34,6.829,52,0,0
4,-5,0.14,8.537,15,0,0
8,-2,0.26,8.624,14,0,1
10,-7,0.7,8.788,56,1,0
7,-3,0.66,4.027,64,1,0
6,-8,0.76,4.869,44,0,1
3,-8,0.98,8.484,58,1,0
5,-7,0.43,8.843,33,0,0
6,-4,0.25,8.142,74,1,1
10,-4,0.08,6.65,48,1,0
9,-8,0.28,7.711,57,0,0
3,-7,0.26,7.785,16,0,0
9,-6,0.63,5.295,18,1,0
5,-7,0.65,4.521,85,1,0
6,-2,0.85,6.478,28,0,1
4,-2,0.97,4.134,74,0,1
7,-3,0.94,4.443,27,1,0
6,-2,0.36,4.762,43,0,0
4,-4,0.32,6.154,68,1,1
6,-4,0.72,7.49,53,1,0
9,-4,0.29,8.922,67,0,0
6,-6,0.19,4.903,26,1,1
8,-8,0.46,8.024,54,1,1
6,-6,0.47000003,6.006,32,1,1
8,-3,0.11,6.531,54,0,0
8,-6,0.29000002,7.792,62,1,1
8,-3,0.81,5.057,12,0,0
7,-2,0.06,7.312,35,0,0
8,-4,0.91999996,4.345,20,0,1
6,-6,0.3,6.556,29,0,0
8,-8,0.5,7.25,80,1,1
6,-8,0.88,6.633,74,0,1
9,-2,0.46,4.472,72,1,0
4,-4,0.47000003,8.53,84,1,1
8,-4,0.9,7.63,12,0,1
4,-7,0.23,8.003,49,0,0
2,-4,0.35000002,5.068,52,1,1
8,-4,0.2,5.331,20,0,0
4,-8,0.14,8.518,54,0,0
6,-3,0.99,5.536,20,1,0
8,-4,0.25,8.678,32,1,1
5,-5,0.31,6.253,35,0,0
6,-6,0.78999996,3.587,80,0,1
5,-2,0.9,6.41,25,1,0
10,-3,0.57,6.108,21,1,0
4,-6,0.59,6.454,82,0,0
8,-8,0.9,4.88,80,1,0
8,-8,0.71,7.061,50,0,1
8,-8,0.22000003,4.888,60,1,1
4,-6,0.12,7.516,64,0,0
7,-1,0.25,5.058,54,0,0
5,-8,0.13,5.222,88,0,1
8,-5,0.9,8.783,50,1,0
10,-2,0.36,8.429,74,1,0
3,-6,0.44,4.665,20,0,0
8,-8,0.07,9.205,50,0,1
8,-6,0.44,8.82,66,1,1
4,-8,0.39,5.322,54,0,1
4,-1,0.94,7.288,73,1,0
4,-6,0.88,6.644,76,0,1
6,-3,0.4,6.081,35,0,0
8,-2,0.61,5.345,60,0,1
7,-7,0.51,7.502,39,0,0
8,-4,0.16000003,6.017,50,1,1
5,-5,0.58,4.834,79,0,0
3,-8,0.6,6.716,49,0,0
9,-2,0.45,5.781,51,0,0
10,-7,0.81,7.304,69,1,0
8,-2,0.78999996,6.895,84,0,1
10,-6,0.05,5.03,44,1,0
4,-4,0.4,4.507,46,1,1
8,-2,0.27,8.924,88,1,1
7,-8,0.38,6.32,73,0,0
5,-3,0.24,7.797,38,0,0
4,-5,0.9,8.93,60,1,0
2,-6,0.90999997,7.308,38,0,1
4,-2,0.87,4.39,12,0,0
6,-4,0.85,7.9370003,44,0,1
6,-8,0.71,4.407,10,0,1
6,-6,0.55,6.777,22,0,1
10,-4,0.3,8.063,78,1,1
8,-8,0.22,6.353,77,0,0
8,-2,0.28,6.291,68,1,1
6,-5,0.36,5.86,43,0,0
10,-6,0.1,7.562,68,1,0
8,-4,0.97,7.665,62,0,1
8,-6,0.9,6.702,12,0,1
6,-8,0.39,8.222,80,1,1
3,-8,0.87,4.279,25,0,0
5,-4,0.76,6.413,46,0,0
3,-2,0.17,5.228,80,0,1
3,-5,0.85,5.084,75,1,0
10,-6,0.01,5.387,62,1,1
8,-4,0.88,6.018,26,0,1
8,-4,0.78999996,5.161,18,0,1
8,-8,0.33,6.408,74,1,1
8,-2,0.28,7.957,44,1,1
10,-2,0.43,8.198999,80,1,1
9,-2,0.1,7.897,85,0,0
5,-6,0.58,6.259,29,0,0
6,-4,0.97,3.934,32,0,1
8,-6,0.29000002,9.175,50,1,1
5,-8,0.8,7.32,60,1,0
10,-2,0.41000003,7.836,58,1,1
10,-6,0.55,8.056,16,0,1
8,-8,0.73,5.575,28,0,1
3,-3,0.13,7.578,17,0,1
4,-8,0.54,5.695,66,0,0
3,-3,0.47,5.207,13,0,0
4,-5,0.87,7.109,70,1,0
9,-5,0.41,8.245,15,0,0
3,-1,0.44,7.064,30,0,0
7,-4,0.36,8.737,69,0,0
5,-5,0.81,5.489,21,0,0
4,-6,0.16,8.12,70,0,0
8,-4,0.94,7.95,26,0,1
4,-6,0.45,4.842,56,1,1
4,-2,0.26,6.558,21,0,1
5,-4,0.0,4.898,67,0,0
5,-2,0.61,5.341,61,1,0
10,-2,0.4,8.194,30,1,1
10,-4,0.78,4.209,59,1,0
10,-2,0.82,5.706,60,1,0
10,-8,0.25,5.841,60,1,1
6,-7,0.78,5.371,25,1,0
6,-6,0.17000002,9.167,70,1,1
10,-8,0.35000002,8.783,56,1,1
4,-5,0.57,5.356,60,0,0
8,-4,0.35,6.198,65,0,0
8,-4,0.53,3.75,54,0,1
8,-8,0.46,7.547,62,1,1
9,-7,0.11,4.635,84,1,0
6,-8,0.99,3.7140002,16,0,1
10,0,0.45,6.062,20,1,1
8,-6,0.33,9.356,36,1,1
4,-4,0.74,6.867,58,0,1
5,-4,0.87,7.035,13,1,0
3,-1,0.31,6.102,51,0,0
6,0,0.35000002,5.869,56,1,1
3,-5,0.07,8.246,87,0,0
4,-4,0.29000002,8.02,56,1,1
6,-6,0.86,6.623,62,0,1
7,-3,0.96,8.173,13,1,0
8,-7,0.74,6.147,22,1,0
8,-8,0.78999996,6.562,90,0,1
4,-8,0.26,9.193,82,1,1
8,-2,0.65,7.99,25,0,0
10,-5,0.24,5.094,54,1,0
6,-4,0.15,5.49,64,1,1
4,-2,0.59,5.252,57,0,0
3,-8,0.12,8.801,15,0,1
8,-4,0.86,7.638,42,0,1
7,-3,0.31,4.188,89,0,0
6,-6,0.96,8.593,15,1,0
8,-6,0.47000003,5.455,72,1,1
9,-1,0.29,5.374,87,1,0
6,-6,0.3,5.877,16,0,1
5,-3,0.27,5.047,27,0,0
5,-4,0.93,8.788,60,1,0
6,-8,0.53,8.449,14,0,1
4,-4,0.18,7.364,66,1,1
9,-3,0.71,8.421,24,1,0
6,-8,0.56,8.084,34,0,1
6,-3,0.17,6.405,50,0,0
5,-4,0.57,8.14,45,0,0
4,-4,0.06,5.503,50,0,1
4,-8,0.110000014,4.778,66,1,1
10,-6,0.24000001,4.841,16,1,1
10,-7,0.07,8.427,83,1,0
8,-6,0.73,7.225,70,0,1
4,-4,0.97,5.64,50,1,0
8,-8,0.78999996,8.015,48,0,1
6,-6,0.78999996,4.518,40,0,1
7,-6,0.97,4.243,49,1,0
6,-2,0.99,6.167,26,0,1
9,-6,0.12,6.617,21,0,0
5,-2,0.53,4.354,13,0,0
10,-8,0.92,6.893,20,1,0
8,-6,0.71,6.97,54,0,1
8,-6,0.5,4.911,46,1,1
4,-6,0.2,5.617,68,1,1
9,-6,0.13,6.551,12,0,0
7,-6,0.84,7.28,44,1,0
6,-6,0.36,7.114,68,1,1
9,-7,0.25,5.793,47,1,0
6,-2,0.33,5.669,68,1,1
4,-8,0.27,9.365,70,1,1
10,-6,0.2,9.345,52,1,1
7,-1,0.07,4.48,57,0,0
6,-6,0.05,7.479,79,0,0
10,-8,0.54,6.891,21,1,0
10,-4,0.22000003,4.553,48,1,1
3,-6,0.09,4.822,58,0,1
10,0,0.4,6.378,72,1,1
4,-3,0.4,6.656,50,0,0
6,-6,0.07,4.843,46,1,1
7,-3,0.5,7.703,82,1,0
7,-6,0.86,4.862,78,1,0
8,-2,0.36,8.522,60,1,1
6,-4,0.18,7.16,84,1,1
9,-2,0.05,8.03,89,0,0
6,-8,0.17,6.639,69,0,0
9,-7,0.97,8.396,11,1,0
10,-2,0.5,6.863,87,1,0
8,-8,0.09,7.716,58,1,1
4,-4,0.2,7.8,84,1,1
6,-4,0.3,8.179,28,0,1
8,-8,0.48000002,4.889,12,1,1
4,-2,0.42,4.747,24,0,0
4,-2,0.75,4.271,40,0,1
8,-6,0.63,4.022,28,0,1
6,-2,0.67,6.655,10,0,1
10,-1,0.25,5.556,65,1,0
3,-2,0.51,5.497,64,0,0
4,-8,0.85,6.669,71,1,0
10,-5,0.78,8.436,37,1,0
7,-1,0.62,7.053,10,0,1
4,-5,0.1,6.461,27,0,0
5,-2,0.27,5.961,85,0,1
9,-6,0.76,5.704,65,1,0
6,-2,0.27,5.28,24,1,1
4,-4,0.52,5.571,86,0,1
8,-2,0.79,7.509,61,1,0
6,-8,0.47000003,5.82,36,1,1
10,-2,0.72,4.415,80,1,0
8,-4,0.41000003,6.058,14,1,1
8,-8,0.36,8.176,60,1,1
6,-6,0.22,4.848,26,0,0
6,-6,0.14,7.525,38,1,1
4,-4,0.73,4.488,41,1,0
6,-6,0.54,4.267,68,0,1
4,0,0.44,7.983,14,1,1
6,-8,0.18,8.621,40,1,1
5,-3,0.64,5.307,33,0,0
10,-5,0.13,8.548,34,0,0
6,-8,0.14,8.332,42,0,1
8,-6,0.75,6.153,24,0,1
8,-2,0.61,5.422,74,0,1
3,-2,0.18,5.299,40,0,1
6,-5,0.03,6.363,31,0,0
4,-4,0.82,7.204,12,1,0
8,-8,0.96,6.57,42,0,1
8,-4,0.08,4.621,12,1,1
3,-3,0.61,7.474,75,1,0
8,-4,0.33,7.891,64,1,1
3,-6,0.03,4.492,35,0,1
10,-7,0.78,6.36,27,1,0
10,-7,0.5,5.004,20,1,0
6,-8,0.12,8.847,75,0,0
5,-2,0.77,6.452,13,0,0
3,-4,0.15,6.599,33,0,0
9,-7,0.29,7.359,69,0,0
10,-4,0.24000001,7.219,38,1,1
10,-8,0.09,6.167,73,1,0
7,-6,0.94,6.602,19,1,0
3,-5,0.7,6.466,22,0,0
8,-2,0.07,9.306,38,0,1
2,-8,0.7,7.795,82,0,1
8,-6,0.71,7.298,44,0,1
10,-5,0.11,5.699,37,1,0
4,-5,0.06,5.439,24,0,0
7,-2,0.68,4.583,78,1,0
4,-8,0.78999996,3.683,60,0,1
4,-2,0.93,7.648,82,1,0
4,-6,0.88,6.057,78,0,1
10,-6,0.02,8.206,13,0,0
4,-2,0.76,8.046,16,0,0
8,-7,0.41,4.796,10,0,0
10,-4,0.45,8.826,32,1,1
5,-5,0.53,6.461,50,0,0
6,-2,0.96,7.375,22,0,1
4,-6,0.38,5.4,78,1,1
8,-7,0.28,6.785,23,0,0
10,-8,0.11,8.488,85,1,0
6,-4,0.72,8.298,78,0,1
4,-6,0.67,8.403,58,0,1
5,-8,0.37,8.898,53,0,0
4,-4,0.9,4.495,58,0,1
4,-7,0.39,7.414,10,0,0
6,-6,0.26,8.297,88,1,1
8,-8,0.89,5.979,76,1,1
8,-4,0.060000002,8.796,66,0,1
4,-8,0.84,6.216,38,0,1
5,-2,0.26,6.334,16,0,0
10,-4,0.36,7.735,80,1,1
3,-8,0.86,7.29,71,1,0
9,-4,1.0,6.41,65,1,0
10,0,0.4,7.65,50,1,1
5,-6,0.43,7.414,29,0,0
5,-7,0.23,6.609,14,0,0
8,-7,0.15,6.957,46,0,0
8,-6,0.24000001,6.708,40,1,1
6,-4,0.22000003,9.121,38,1,1
8,-2,0.93,4.259,66,0,1
9,-5,0.17,8.233,47,0,0
9,-6,0.39,7.105,55,0,0
6,-2,0.36,7.47,52,1,1
3,-6,0.21,7.73,41,0,1
8,-2,0.49,7.352,82,1,1
9,-7,0.49,5.491,30,1,0
8,-8,0.76,8.803,22,0,0
2,-2,0.4,5.972,52,1,1
7,-5,0.03,8.191,62,0,0
8,-4,0.0,8.482,68,0,0
5,-2,0.01,4.315,48,0,0
3,-4,0.01,5.655,28,0,1
4,-6,0.37,7.254,22,1,1
6,-2,0.96,5.539,28,0,1
4,-3,0.16,8.05,66,0,0
5,-5,0.93,7.183,19,1,0
4,-6,0.84,7.483,80,1,1
8,-4,0.27,9.325,16,1,1
8,-4,0.82,7.903,38,0,1
3,-4,0.03,4.879,86,0,0
4,-2,0.05,6.924,78,0,0
4,-4,0.65,7.299,54,0,0
5,-8,0.49,7.173,28,0,0
6,-6,0.4,4.571,48,1,1
4,-3,0.18,7.213,38,0,0
8,-4,0.5,8.65,82,1,0
7,-6,0.37,8.63,87,0,0
8,-4,0.71,7.792,26,1,0
5,-3,0.35,4.718,80,0,0
10,0,0.33,6.301,12,1,1
3,-3,0.09,5.219,16,0,1
6,-4,0.41000003,8.53,32,1,1
8,-4,0.90999997,5.427,66,0,1
5,-5,0.13,4.325,14,0,0
6,-6,0.36,5.317,36,1,1
3,-8,0.84,8.028,70,0,0
8,0,0.2,6.083,52,1,1
4,-2,0.27,8.121,20,0,0
5,-8,0.38,7.853,82,0,0
7,-3,0.18,6.85,57,0,0
8,-2,0.27,6.603,66,1,1
6,-2,0.07,6.867,47,0,0
5,-2,0.98,5.127,82,1,0
3,-3,0.24,5.687,81,0,0
6,-6,0.39,6.116,52,1,1
7,-8,0.88,6.054,66,1,0
6,-4,0.29000002,7.777,14,0,1
6,-4,0.4,4.777,12,1,1
8,-2,0.27,8.574,46,1,1
6,-5,0.54,6.493,50,1,0
8,-8,0.81,6.382,36,0,1
8,-6,0.07,7.46,49,0,0
8,-4,0.53,5.962,46,0,1
3,-7,0.35,5.449,79,0,0
6,-2,0.59,4.809,65,0,0
5,-7,0.6,8.612,72,0,0
4,-4,0.38,4.593,27,0,0
8,-5,0.97,4.992,21,1,0
9,-4,0.28,5.6,84,0,0
8,-8,0.38,5.632,65,1,0
8,-2,0.51,4.182,88,0,1
7,-3,0.17,7.519,51,0,0
9,-8,0.98,4.807,22,1,0
4,-8,0.91,8.812,64,1,0
8,-6,0.46,6.205,14,1,1
6,-6,0.32,4.385,21,0,0
5,-6,0.17,4.193,61,0,0
6,-6,0.65,5.577,42,0,1
4,-6,0.23000002,4.869,28,1,1
6,-6,0.47000003,7.713,28,1,1
7,-2,0.06,4.235,24,0,0
10,0,0.21,5.247,54,1,1
9,-8,0.64,8.797,52,1,0
5,-3,0.48,7.283,45,0,0
6,-8,0.49,5.232,66,1,1
10,-4,0.3,6.878,40,1,1
4,-8,0.82,6.359,60,0,1
4,-8,0.89,4.143,66,1,1
6,-2,0.93,3.862,64,0,1
10,-4,0.25,9.43,20,1,1
6,-2,0.81,5.056,50,0,1
4,-8,0.45,6.716,12,0,0
6,-2,0.96,4.209,24,0,1
7,-5,1.0,5.915,49,1,0
4,-2,0.34,4.787,26,1,1
3,-2,0.26,6.498,41,0,1
6,-2,0.63,6.328,72,0,1
6,-8,0.77,6.932,16,0,1
8,-4,0.09,6.328,62,0,1
8,-3,0.98,8.606,60,1,0
7,-3,0.59,7.153,69,1,0
10,-4,0.23000002,6.299,20,1,1
6,-6,0.33,7.497,36,0,0
8,-6,0.76,5.483,60,0,1
3,-8,0.74,4.905,50,0,0
8,-2,0.38,4.642,36,1,1
6,-1,0.53,5.122,61,0,0
5,-7,0.68,6.617,33,0,0
6,-4,0.19,4.788,60,1,1
6,-6,0.72,6.627,82,1,0
2,-8,0.90999997,4.178,10,0,1
6,-4,0.63,8.441,28,0,1
8,-8,0.73,8.826,57,1,0
4,-5,0.28,6.093,81,0,0
4,-5,0.53,5.043,23,0,0
10,-2,0.19,6.382,32,1,1
8,-6,0.84,5.26,48,0,1
10,-8,0.38,4.908,58,1,1
2,-2,0.22000003,4.822,84,1,1
6,-6,0.4,6.535,40,0,0
8,-2,0.93,8.41,62,0,1
3,-2,0.09,7.95,18,0,1
7,-2,0.44,7.081,46,0,0
6,-2,0.4,5.018,37,0,0
8,-4,0.58,7.419,57,0,0
8,-5,0.21,4.955,34,0,0
7,-2,0.49,7.583,27,0,0
5,-6,0.52,8.212,43,0,0
6,-8,0.36,7.201,29,0,1
9,-2,0.16,4.305,35,0,0
6,-4,0.47000003,8.501,50,1,1
3,-2,0.16,7.831,84,0,1
8,-4,0.64,7.577,61,1,0
10,-4,0.22000003,7.997,82,1,1
3,-7,0.23,8.765,77,0,0
8,-6,0.69,7.484,56,0,1
4,-4,0.64,4.427,72,1,0
8,-7,0.26,7.959,88,0,0
2,-4,0.47000003,9.464,56,1,1
6,-3,0.45,8.301,34,0,1
6,-6,0.44,6.986,20,1,1
5,-1,0.17,4.137,40,0,0
7,-7,0.84,5.887,30,1,0
4,-4,0.31,7.027,17,0,0
3,-7,0.54,7.317,41,0,0
7,-8,0.35,5.779,33,0,0
6,-2,0.34,5.691,76,0,0
4,-2,0.5,9.273,66,1,1
6,-4,0.23,8.437,35,0,0
3,-7,0.34,8.172,27,0,0
4,-7,0.84,7.608,52,1,0
10,-2,0.32,8.181,78,1,1
8,-4,0.68,7.822,34,0,1
8,-6,0.16000003,4.555,16,1,1
10,-4,0.17000002,6.737,36,1,1
5,-7,0.14,7.498,26,0,0
8,-2,0.21,4.876,14,1,1
6,-6,0.23,7.754,38,0,0
10,-2,0.4,7.657,74,1,1
8,-6,0.39,8.766,34,1,1
10,-4,0.36,8.079,22,1,1
4,-6,0.42000002,4.74,26,1,1
3,-8,0.01,8.047,85,0,1
8,-8,0.19,4.816,58,1,1
6,-2,0.57,4.922,65,0,0
8,-4,0.39,4.677,80,1,1
4,-8,0.78999996,4.499,86,0,1
5,-2,0.13,6.434,53,0,0
9,-4,0.43,4.6,38,1,0
8,-4,0.19,4.885,80,1,1
5,-8,0.24,5.923,74,0,1
7,-2,0.71,6.978,64,1,0
4,0,0.38,7.696,66,1,1
4,-2,0.26,5.393,84,1,1
4,-2,0.46,9.117,82,1,1
4,0,0.39,8.685,48,1,1
4,-2,0.91,4.57,66,1,0
6,-2,0.97,6.513,74,0,1
8,-1,0.22,7.075,87,0,0
8,-4,0.76,3.8520002,50,0,1
10,-5,0.05,4.127,79,1,0
10,-4,0.96,7.62,30,1,0
7,-7,0.53,6.354,20,0,0
4,-7,0.16,6.803,72,0,0
10,-6,0.18,5.545,18,1,1
4,-2,0.31,7.467,58,1,1
8,-2,0.85,5.032,76,0,1
6,-8,0.44,4.502,56,1,1
8,0,0.32,9.398,80,1,1
2,-6,0.8,6.35,44,0,1
9,-1,0.12,7.56,83,1,0
8,-8,0.99,8.571,57,1,0
6,-6,0.27,4.591,86,1,1
2,-8,0.55,7.738,84,0,1
10,-3,0.8,7.274,73,1,0
6,-4,0.21,7.003,58,1,1
10,-8,0.28,8.886,60,1,1
6,-6,0.26,6.593,76,1,1
4,-3,0.74,6.728,18,0,0
7,-1,0.83,6.409,83,1,0
10,-3,0.66,4.255,62,1,0
10,-3,0.69,8.213,75,1,0
4,-4,0.48000002,6.749,68,1,1
9,-7,0.65,4.304,57,0,0
4,-2,0.32,6.616,46,1,1
10,-8,0.08,6.451,28,1,1
8,-7,0.93,5.106,48,1,0
3,-6,0.34,4.876,83,0,0
2,-6,0.48000002,7.893,52,1,1
10,-3,0.22,4.322,22,1,0
4,-2,0.12,8.967,70,0,1
3,-8,0.1,8.533,83,0,0
6,-6,0.42000002,7.686,14,1,1
8,-6,0.23000002,7.85,42,1,1
8,-5,0.65,5.113,73,1,0
6,-7,0.0,5.026,15,0,0
6,-6,0.51,5.094,32,0,1
4,-4,0.03,4.974,38,0,1
10,-6,0.59,8.19,63,1,0
4,-4,0.4,7.821,60,1,1
4,-4,0.49,5.399,32,1,1
6,-6,0.96,8.081,12,0,1
4,-5,0.15,7.163,24,0,1
6,-4,0.03,8.094,66,0,0
4,-8,0.49,9.409,12,1,1
5,-3,0.46,6.599,56,0,0
6,-4,0.83,6.261,86,0,1
6,-8,0.65,4.981,52,0,1
4,-2,0.100000024,8.059,76,0,1
4,-6,0.99,6.031,50,0,1
5,-5,0.96,5.246,63,1,0
8,-4,0.42000002,7.363,28,1,1
4,-1,0.52,5.194,51,0,0
6,-8,0.8,4.761,26,0,0
6,-8,0.27,5.556,34,0,0
8,-8,0.68,5.419,66,0,1
5,-8,0.95,7.853,32,1,0
9,-8,0.49,6.091,72,1,0
8,-8,0.69,7.938,34,0,1
7,-5,0.31,4.347,31,0,0
6,-2,0.61,4.844,14,0,1
3,-5,0.54,4.25,48,0,0
9,-1,0.19,5.268,22,0,0
10,-2,0.33,5.512,82,1,0
4,-8,0.3,7.349,52,1,1
8,-6,0.050000012,7.833,62,0,1
3,-7,0.88,7.93,60,1,0
6,-8,0.96,8.316,64,0,1
8,-7,0.37,4.59,21,0,0
8,-8,0.91999996,6.423,38,0,1
8,-4,0.100000024,5.172,38,1,1
10,-6,0.76,8.627,31,1,0
4,-2,0.87,3.534,76,0,1
2,-8,0.21,6.059,66,1,1
4,-2,0.46,4.617,80,1,1
8,-6,0.47000003,8.289,74,1,1
10,-6,0.21,5.3,24,1,1
4,-2,0.56,5.583,76,0,1
9,-6,0.32,4.17,23,0,0
5,-6,0.76,4.297,72,1,0
8,-8,0.26,5.907,88,1,1
9,-4,0.37,7.006,49,1,0
7,-7,0.84,4.947,53,1,0
3,-8,0.82,7.762,13,0,0
4,-4,0.3,5.483,70,0,0
9,-5,0.8,4.573,52,1,0
6,-3,0.66,5.877,40,1,0
6,-4,0.04000002,5.272,74,1,1
4,-3,0.65,4.124,33,0,0
4,-6,0.64,7.111,27,0,0
5,-5,0.46,8.929,10,0,0
6,-5,0.29,7.927,46,0,0
4,-6,0.86,5.975,39,1,0
6,-8,0.55,6.246,50,0,1
10,0,0.04000002,6.976,68,1,1
4,-6,0.5,7.41,60,1,1
4,-4,0.16000003,9.49,86,1,1
6,-6,0.81,7.238,13,0,0
4,-6,0.65,3.601,54,0,1
8,-2,0.3,8.103,76,1,1
10,-4,0.18,5.338,50,1,0
6,-5,0.8,4.612,74,1,0
6,-7,0.92,7.99,85,1,0
6,-5,0.65,5.942,21,0,0
10,-8,0.01,4.999,61,1,0
3,-2,0.25,8.694,42,0,1
7,-2,0.78,5.946,58,1,0
7,-5,0.02,6.527,85,0,0
9,-5,0.78,7.842,47,1,0
6,0,0.5,6.632,30,1,1
8,-4,0.53,7.572,54,0,1
8,-7,0.38,7.42,79,0,0
6,-8,0.24000001,8.736,64,1,1
4,-5,0.83,7.86,52,1,0
9,-5,0.9,7.959,52,1,0
5,-5,0.67,4.365,59,1,0
6,-2,0.65999997,4.531,12,0,1
8,-8,0.29000002,6.481,34,1,1
10,-8,0.01,6.197,84,1,1
2,-2,0.93,6.109,22,0,1
6,-8,0.67,7.341,39,0,0
8,-8,0.78,5.956,64,0,1
8,-2,0.42000002,8.217,32,1,1
4,-4,0.73,6.734,79,1,0
5,-7,0.42,8.641,80,0,0
8,-2,0.68,6.31,84,0,1
5,-2,0.58,4.088,46,0,0
4,-4,0.26,6.762,42,0,1
10,-4,0.34,5.307,14,1,1
8,-2,0.46,7.232,76,1,1
6,-6,0.75,8.219,44,0,1
8,-2,0.26,4.808,38,1,1
4,-6,0.45,8.396,52,1,1
4,-8,0.04,8.853,66,0,0
10,-8,0.82,4.655,42,1,0
9,-8,0.09,6.32,71,1,0
8,-3,0.39,7.881,85,0,0
9,-5,0.82,8.431,83,1,0
6,-3,0.9,5.004,39,1,0
8,-8,0.46,6.51,80,1,1
2,-8,0.43,6.654,74,1,1
5,-7,0.34,7.4,64,0,0
8,-2,0.77,8.946,79,1,0
9,-3,0.73,4.767,39,1,0
6,-6,0.26,8.355,66,1,1
7,-2,0.98,8.946,26,1,0
10,-8,0.23000002,8.285,84,1,1
4,-2,0.32,8.898,72,1,1
6,-2,0.37,8.834,18,1,1
8,-6,0.93,4.175,62,1,1
10,-2,0.91,8.943,75,1,0
3,-5,0.55,4.501,61,1,0
6,-2,0.21,8.37,80,1,1
6,-4,0.46,7.094,62,1,1
8,-2,0.65999997,6.275,42,0,1
6,-6,0.57,4.063,90,0,1
6,-3,0.26,5.95,34,0,0
8,-5,0.1,7.73,66,0,0
8,-8,0.31,7.029,50,1,1
4,-5,0.15,5.489,79,0,0
9,-3,0.42,8.143,89,1,0
10,-6,0.55,8.966,22,1,0
6,-4,0.95,8.243,28,1,0
8,-6,0.110000014,7.413,72,1,1
3,-8,0.95,6.422,14,1,0
3,-6,0.94,8.731,67,1,0
8,-6,0.25,7.113,76,1,1
6,0,0.37,8.622,58,1,1
6,-4,0.37,9.414,58,1,1
4,-2,0.43,5.195,41,0,0
7,-7,0.32,5.064,32,0,0
6,-2,0.29000002,8.034,84,1,1
2,-8,0.37,7.025,56,1,1
8,-7,0.27,5.795,15,0,0
5,-7,0.49,5.729,83,1,0
4,-6,0.29000002,5.249,82,1,1
4,-6,0.21,7.337,47,0,0
4,-5,0.36,5.954,22,0,0
7,-2,0.04,7.494,63,0,0
3,-4,0.88,5.899,37,1,0
2,-6,0.49,8.907,48,1,1
4,-6,0.25,7.193,74,1,1
4,-3,0.21,6.177,48,0,0
7,-3,0.74,6.492,15,0,0
4,-6,0.97,7.383,18,1,0
6,-4,0.58,7.5880003,24,0,1
5,-6,0.06,7.902,30,0,0
4,-3,0.44,4.965,79,0,0
6,-3,0.4,4.371,68,0,0
6,-6,0.21,7.868,20,0,1
10,-4,0.100000024,6.063,80,1,1
9,-5,0.96,6.28,46,1,0
7,-8,0.43,4.067,49,1,0
3,-7,0.14,7.939,33,0,0
5,-3,0.55,4.273,20,0,0
8,-2,0.01,7.098,52,0,1
4,-6,0.25,4.819,66,1,1
6,-5,0.12,5.027,13,0,0
10,-6,0.25,6.712,16,0,0
6,-8,0.120000005,9.11,54,0,1
9,-3,0.33,4.137,30,0,0
3,-2,0.44,7.064,15,0,0
4,-6,0.85,7.712,55,1,0
8,0,0.44,8.281,72,1,1
4,-2,0.42000002,4.784,50,1,1
3,-4,0.14,8.773,44,0,1
10,-2,0.01,8.073,42,1,1
5,-8,0.39,4.806,47,0,0
9,-8,0.82,8.353,78,1,0
6,-1,0.56,4.135,29,0,0
10,-1,0.58,8.825,61,1,0
8,-2,0.90999997,6.229,36,0,1
6,-6,0.31,7.244,80,1,1
10,-3,0.21,8.33,40,0,0
8,-4,0.47000003,5.052,60,1,1
6,-8,0.36,7.011,53,0,0
6,-3,0.45,7.632,63,0,0
10,0,0.04000002,8.392,22,1,1
8,-8,0.23000002,5.738,18,1,1
8,-2,0.42000002,6.864,44,1,1
8,-6,0.38,7.369,74,1,1
5,-7,0.88,6.467,31,1,0
4,-3,1.0,4.398,64,1,0
10,-4,0.71,7.101,41,1,0
10,-5,0.42,5.41,33,1,0
8,-6,0.25,5.589,12,0,1
4,-2,0.93,5.262,88,0,1
3,-3,0.08,6.488,70,0,1
4,-8,0.75,5.432,20,0,0
4,-4,0.94,4.24,60,0,1
8,-2,0.85,8.135,21,1,0
10,-4,0.32,8.379,70,1,1
8,-6,0.15,9.108,44,1,1
8,-6,0.36,8.63,44,1,1
9,-8,0.43,7.858,68,0,0
3,-6,0.36,7.645,86,0,0
7,-8,0.01,5.375,49,0,0
6,-7,0.2,5.915,67,0,1
9,-8,0.62,5.807,77,1,0
5,-7,0.31,4.72,29,0,0
6,-6,0.3,5.304,42,1,1
6,-2,0.42000002,5.175,74,1,1
8,-6,0.38,5.318,52,1,1
8,-4,0.18,9.231,30,1,1
8,-7,0.92,7.148,76,1,0
6,-5,0.61,8.843,77,1,0
9,-8,0.66,8.666,29,1,0
8,-8,0.37,6.822,66,1,1
3,-6,0.9,5.806,56,1,0
4,-2,0.44,6.831,88,1,1
6,-5,0.46,6.185,15,0,1
2,-2,0.47000003,7.793,74,1,1
8,-2,0.99,7.591,56,1,0
8,-6,0.2,4.766,30,1,1
2,0,0.38,4.792,70,1,1
6,-8,0.58,8.071,40,0,1
3,-2,0.81,4.571,15,0,0
9,-2,0.27,5.566,72,0,0
6,-8,0.84,5.011,74,0,1
6,-8,0.8,5.654,22,0,1
6,-1,0.25,5.402,76,0,0
8,-1,0.54,7.199,85,0,0
4,-8,0.72,8.127,52,0,1
4,-4,0.87,5.484,40,0,1
4,-2,0.36,6.387,68,1,1
5,-4,0.19,4.073,20,0,0
6,-6,0.14,8.173,89,0,0
4,-6,0.29000002,8.729,78,1,1
8,-8,0.83,8.756,74,1,0
8,-5,0.86,5.256,44,1,0
8,-2,0.07,6.016,18,1,1
10,0,0.5,8.944,28,1,1
5,-8,0.73,8.234,48,1,0
6,-7,0.03,5.509,56,0,0
10,-4,0.51,6.231,71,1,0
8,-2,0.25,8.891,74,0,0
10,-4,0.42000002,5.978,30,1,1
5,-2,0.84,8.486,83,1,0
6,-6,0.6,7.888,56,0,1
6,-4,0.19,5.81,44,1,1
10,-2,0.25,8.223,30,1,0
3,-2,0.02,7.675,68,0,0
8,-6,0.16000003,5.878,24,1,1
7,-2,0.43,4.595,56,0,0
6,-4,0.83,7.854,31,1,0
6,-4,0.21,4.663,36,0,1
9,-3,0.12,8.95,43,0,0
9,-6,0.26,5.929,69,1,0
5,-8,0.14,4.184,13,0,0
4,-8,0.65,7.602,84,0,1
6,-6,0.100000024,6.615,64,0,1
7,-5,0.27,4.608,37,0,0
3,-2,0.84,5.562,22,0,0
7,-3,0.1,8.378,29,0,0
10,-1,0.89,8.663,51,1,0
8,-2,0.96,6.288,58,0,1
9,-7,0.79,4.513,66,1,0
4,-2,0.89,4.768,34,1,0
9,-8,0.68,4.975,43,1,0
10,-3,0.3,7.904,64,1,0
4,-6,0.17000002,4.959,74,1,1
8,-2,0.63,6.01,26,0,1
4,-8,0.43,6.161,54,1,1
6,0,0.18,7.311,82,1,1
10,-2,0.04000002,4.788,30,1,1
9,-8,0.49,7.581,50,1,0
3,-7,0.94,6.735,45,1,0
10,-2,0.04000002,6.883,32,1,1
6,-8,0.5,5.162,62,1,1
9,-3,0.53,7.447,25,1,0
6,-8,0.73,6.652,30,0,1
4,-2,0.44,7.219,66,1,1
4,-4,0.79,8.768,83,1,0
8,-2,0.65999997,5.09,28,0,1
8,-2,0.76,3.876,24,0,1
3,-4,0.19,5.454,54,0,0
5,-4,0.07,8.808,70,0,0
6,-6,0.52,5.026,18,0,1
10,-8,0.85,5.257,23,1,0
4,-2,0.42000002,8.083,80,1,1
7,-6,0.77,8.179,30,1,0
3,-4,0.77,5.308,21,1,0
6,-8,0.27,8.607,16,0,1
3,-7,0.05,8.593,51,0,0
3,-4,0.26,5.286,31,0,0
9,-5,0.9,8.291,54,1,0
4,-1,0.19,6.863,79,0,0
6,-4,0.23000002,4.898,20,0,1
7,-5,0.07,5.211,85,0,0
9,-6,0.6,6.757,75,1,0
9,-3,0.3,5.005,41,0,0
4,-5,0.38,6.729,76,0,0
4,-2,0.36,6.427,70,0,0
6,-2,0.67,6.407,36,0,1
8,-2,0.44,9.337,24,1,1
6,-6,0.19,5.789,78,1,1
6,-2,0.38,4.838,78,1,1
5,-4,0.02,7.553,30,0,0
7,-8,0.03,4.199,63,0,0
4,-8,0.78,6.215,19,1,0
2,-2,0.27,7.578,88,1,1
4,-6,0.3,6.716,50,1,1
10,-2,0.07,9.34,72,1,1
4,-6,0.45,9.372,64,1,1
6,-2,0.86,4.258,88,0,1
6,-3,0.49,8.713,31,0,1
6,-6,0.27,5.572,54,1,1
9,-7,0.18,4.311,73,1,0
4,-4,0.90999997,5.19,68,0,1
8,-6,0.84,8.455,16,0,1
5,-5,0.53,6.29,71,0,0
3,-5,0.52,8.098,73,0,0
3,-7,0.93,6.573,11,1,0
3,-6,0.86,8.802,56,0,0
8,-4,0.41000003,9.227,28,1,1
3,-6,0.61,8.012,40,0,0
10,-8,0.28,4.76,88,1,1
4,-2,0.82,8.891,45,1,0
4,-2,0.76,6.933,54,0,1
5,-2,0.81,6.179,41,0,0
10,-6,0.9,4.117,74,1,0
10,-6,0.01,5.717,28,1,0
5,-2,0.43,7.215,49,0,0
6,-8,0.73,6.647,48,0,1
3,-2,0.29,7.641,11,0,1
4,-4,0.76,7.307,70,0,1
6,-4,0.3,8.08,54,0,0
8,-2,0.38,5.659,20,1,1
6,-2,0.33,5.895,16,1,1
7,-2,0.1,5.478,20,0,0
10,-2,0.35000002,4.704,60,1,1
8,-8,0.110000014,4.844,20,0,1
3,-4,0.06,8.013,85,0,1
5,-3,0.67,5.385,17,0,0
8,-6,0.09,7.896,15,0,0
3,-1,0.74,8.278,48,0,0
8,-5,0.17,5.096,43,0,0
4,-2,0.78,5.322,76,0,1
6,-6,0.62,7.211,30,0,1
4,-3,0.83,6.888,67,1,0
6,-7,0.86,4.286,59,1,0
6,-8,0.19,5.36,21,0,0
6,-8,0.72,8.468,58,0,1
4,-4,0.88,6.816,84,0,1
4,-5,0.48,5.658,47,0,0
5,-2,0.02,6.887,69,0,0
8,-5,0.1,8.67,68,0,0
4,-4,0.37,9.241,88,1,1
8,-8,0.3,9.068,52,1,1
8,0,0.22000003,6.512,58,1,1
9,-8,0.01,4.782,72,0,0
10,-6,0.120000005,6.589,30,1,1
6,-6,0.62,7.42,58,0,1
3,-5,0.36,7.969,42,0,0
8,-7,0.99,7.632,18,1,0
10,-3,0.34,7.295,65,1,0
4,-5,0.82,8.581,41,1,0
7,-5,0.94,7.399,47,1,0
5,-2,0.44,8.366,49,0,0
6,-4,0.73,7.523,17,1,0
10,-6,0.21,4.859,84,1,1
4,-8,0.2,7.682,42,1,1
8,-8,0.88,6.308,72,0,1
8,-6,0.75,6.015,58,0,1
8,-6,0.63,5.853,38,0,1
4,-2,0.29000002,5.063,76,1,1
7,-8,0.25,7.273,10,0,0
8,-2,0.25,8.066,34,1,1
2,-2,0.43,4.866,70,1,1
4,-4,0.36,6.803,85,1,0
5,-2,0.03,8.318,81,0,0
7,-5,0.21,5.13,68,0,0
4,-2,0.43,6.423,18,1,1
9,-4,0.8,4.647,56,1,0
8,-8,0.46,5.342,70,1,1
9,-1,0.22,4.306,85,1,0
4,-7,0.24,4.746,16,0,1
5,-4,0.71,6.003,30,0,0
8,-6,0.37,6.472,72,1,1
8,-2,0.76,7.056,32,0,1
8,-4,0.65999997,5.084,46,0,1
10,-3,0.09,4.581,88,1,0
3,-7,0.98,6.281,84,1,0
8,-4,0.28,6.714,36,1,1
10,-2,0.3,5.588,30,1,1
3,-8,0.77,7.62,62,1,0
5,-2,0.17,8.89,74,0,0
6,-2,0.69,7.7370005,76,0,1
9,-3,0.77,8.989,71,1,0
7,-5,0.43,6.797,67,1,0
3,-4,0.44,8.548,72,0,0
8,-8,0.98,8.146,18,0,1
8,-3,0.95,6.323,42,1,0
4,-6,0.5,8.31,37,0,0
6,-4,0.26,4.34,70,0,1
2,-2,0.49,9.285,66,1,1
2,-4,0.39,7.8,54,1,1
4,-8,0.65,3.74,78,0,1
7,-7,0.7,5.594,16,0,0
6,-8,0.41,7.748,14,0,0
8,-2,0.87,7.616,34,0,1
6,-6,0.95,8.187,76,0,1
4,-4,0.97,8.305,18,0,1
5,-7,0.1,4.413,25,0,0
4,-8,0.98,7.086,46,0,1
4,-8,0.34,7.634,50,1,1
7,-3,0.67,5.123,30,1,0
6,-6,0.59,8.515,66,1,0
9,-5,0.76,5.825,73,1,0
5,-2,0.33,6.623,67,0,0
4,-6,0.24,8.689,11,0,0
7,-2,0.51,4.268,54,0,0
9,-6,0.78,5.957,83,1,0
6,-5,0.5,8.146,72,0,0
8,-7,0.61,6.987,85,1,0
8,-2,0.44,9.343,60,1,1
5,-7,0.29,5.453,67,0,1
8,-2,0.36,5.637,36,1,1
6,-4,0.52,7.6400003,22,0,1
10,-8,0.4,6.796,58,1,1
2,-6,0.26,5.935,70,0,1
7,-8,0.21,8.46,20,0,0
4,-1,0.94,7.952,18,1,0
6,-4,0.12,7.629,20,0,0
6,-8,0.72,5.624,50,0,1
4,-4,0.36,7.476,82,1,1
8,-4,0.27,8.682,42,1,1
10,-2,0.64,5.612,84,1,0
8,-8,0.28,5.891,27,0,0
5,-2,0.28,8.172,15,0,0
3,-6,0.63,4.46,44,0,0
4,-2,0.38,8.472,82,1,1
2,-2,0.36,6.118,82,1,1
6,-4,0.41000003,8.961,46,1,1
6,-8,0.71,6.145,12,0,1
3,-6,0.04,4.044,25,0,1
6,-8,0.35,7.023,88,0,0
3,-2,0.68,5.439,17,0,0
2,-6,0.61,4.977,82,0,1
10,-8,0.24,4.097,30,1,0
10,-2,0.100000024,5.374,64,1,1
2,-4,0.88,8.392,40,0,1
8,-6,0.3,4.238,67,0,0
3,-4,0.5,6.321,44,0,0
8,-2,0.74,4.306,54,0,1
6,-8,0.4,4.65,10,0,1
8,-2,0.56,7.047,26,0,1
7,-6,0.49,8.241,63,0,0
9,-3,0.78,4.345,77,1,0
4,-4,0.55,4.276,32,0,0
4,-4,0.5,7.252,53,0,0
5,-7,0.44,8.755,69,0,0
4,-7,0.64,8.624,17,0,0
3,-3,0.7,5.044,71,0,0
10,-8,0.27,8.085,16,1,1
6,-6,0.96,7.94,88,1,1
6,-8,0.44,6.374,66,1,1
5,-4,0.76,6.485,81,1,0
9,-2,0.35,4.037,39,0,0
8,-2,0.55,4.008,30,0,1
4,-4,0.5,5.33,67,0,0
9,-4,0.37,6.649,45,0,0
6,-8,0.97,4.307,22,0,1
8,-8,0.38,6.487,84,1,1
2,-6,0.72,8.435,56,0,1
3,-8,0.12,5.835,24,0,0
4,-5,0.21,4.097,17,0,0
3,-5,0.93,6.17,72,1,0
4,-4,0.27,5.723,24,0,1
9,-2,0.81,6.85,65,1,0
4,-6,0.63,6.131,88,0,1
3,-8,0.74,6.278,63,0,0
8,-3,0.98,8.625,25,1,0
7,-4,0.75,8.527,25,0,0
4,-2,0.17000002,8.878,86,1,1
2,-8,0.33,6.226,50,1,1
9,-6,0.76,4.029,44,1,0
4,-6,0.23000002,6.542,56,1,1
4,-8,0.71,5.019,79,1,0
10,-8,0.03,8.023,34,1,1
4,-2,0.78999996,3.7020001,64,0,1
5,-5,0.97,7.87,88,1,0
4,-2,0.15,6.646,34,0,1
5,-1,0.72,6.554,56,0,0
8,-6,0.060000002,6.762,32,0,1
10,-8,0.27,7.518,60,1,1
7,-4,0.11,5.76,30,0,0
4,-5,0.05,5.031,54,0,1
6,-2,0.25,9.141,64,1,1
2,-2,0.75,3.897,64,0,1
8,-4,0.51,3.9120002,38,0,1
10,-5,0.01,7.642,51,1,0
6,-6,0.37,8.096,64,1,1
5,-4,0.82,8.749,89,1,0
8,-5,0.04,7.615,16,0,0
9,-7,0.56,4.922,30,1,0
8,-2,0.58,8.403,46,0,0
9,-6,0.44,5.134,37,1,0
3,-6,0.71,5.906,67,1,0
6,-8,0.85,6.638,68,0,1
3,-6,0.68,7.175,58,0,0
4,-4,0.22,7.598,25,0,1
2,-4,0.93,4.967,34,0,1
4,-6,0.05,8.092,31,0,1
3,-2,0.35,8.883,66,0,0
6,-2,0.33,7.829,80,1,1
6,-3,0.04,7.586,64,0,0
9,-7,0.13,4.614,63,0,0
7,-7,0.52,4.663,12,0,0
6,-8,0.13,6.934,27,0,0
4,-7,0.06,8.527,49,0,1
7,-2,0.87,8.506,59,1,0
4,-8,0.71,4.953,83,1,0
6,-8,0.100000024,7.81,70,1,1
8,-4,0.76,5.278,90,0,1
4,0,0.47000003,8.947,86,1,1
8,-2,0.04000002,4.813,68,1,1
10,-2,0.53,6.913,77,1,0
10,-2,0.24,6.453,58,1,0
5,-2,0.5,6.695,60,0,0
6,-8,0.38,5.52,55,0,0
4,-4,0.85,4.696,84,0,1
6,-5,0.39,6.681,53,0,0
8,-8,0.52,6.486,52,0,1
5,-3,0.55,8.727,75,0,0
8,-4,0.99,4.015,36,0,1
7,-4,0.25,8.378,56,0,0
10,-6,0.31,9.305,56,1,1
3,-2,0.54,4.163,80,0,0
4,-6,0.69,3.574,64,0,1
7,-4,0.4,7.375,85,0,0
10,-6,0.39,5.898,52,1,1
6,-7,0.59,4.085,33,0,0
5,-7,0.72,5.714,56,1,0
5,-7,0.33,6.666,29,0,0
6,-5,0.11,7.594,82,0,0
4,-6,0.91999996,5.941,68,0,1
7,-8,0.05,4.775,13,0,0
6,-2,0.16000003,8.097,76,1,1
9,-1,0.26,5.843,83,1,0
4,-7,0.73,6.489,15,0,0
6,-7,0.71,6.372,75,1,0
9,-8,0.2,6.627,10,0,0
4,-1,0.11,7.611,67,0,0
4,-3,0.56,4.746,61,0,0
6,-1,0.22,6.298,49,0,0
8,-6,0.25,7.559,68,1,1
9,-4,0.98,4.325,16,1,0
8,-6,0.91999996,4.218,46,0,1
7,-7,0.35,6.904,78,0,0
5,-1,0.75,8.772,64,0,0
6,-6,0.52,8.428,24,0,1
6,-2,0.83,5.23,88,0,1
5,-4,0.87,4.488,68,1,0
4,-6,0.33,6.942,74,1,1
7,-4,0.82,5.151,43,1,0
4,-2,0.26,5.322,82,1,1
6,-6,0.28,9.267,46,1,1
10,-8,0.23,5.384,25,1,0
4,-8,0.9,6.086,60,0,1
8,-6,0.96,5.172,34,0,1
7,-3,0.74,5.86,39,1,0
8,-6,0.98,5.686,26,0,1
4,-6,0.8,8.656,52,1,0
6,-2,0.33,8.299,79,0,0
9,-7,0.73,4.046,70,1,0
8,-2,0.88,4.37,67,1,0
10,-8,0.61,4.611,20,1,0
8,-8,0.77,5.562,16,0,1
7,-5,0.2,4.885,51,0,0
6,-4,0.18,6.41,80,1,1
6,-8,0.31,7.888,26,0,1
4,-8,0.02,7.211,16,0,1
6,-8,0.07,8.389,50,0,1
6,-2,0.58,7.204,12,0,0
4,0,0.26,7.142,68,0,1
4,-6,0.41000003,4.537,74,1,1
10,-2,0.19,4.114,72,1,0
3,-3,0.0,8.065,54,0,0
8,-6,0.24,8.809,61,0,0
8,-8,0.100000024,5.669,12,0,1
10,-1,0.99,8.33,80,1,0
10,-4,0.23000002,4.956,22,1,1
6,-2,0.36,8.023,24,1,1
8,-4,0.86,5.604,22,0,1
8,-4,0.75,8.492,74,0,1
6,-2,0.45,5.786,22,1,1
4,-2,0.33,7.513,44,1,1
6,-4,0.050000012,4.783,86,1,1
10,-6,0.44,7.965,79,1,0
7,-6,0.13,7.161,62,0,0
6,-8,0.48000002,7.617,86,1,1
3,-3,0.95,5.521,45,1,0
10,-5,0.65,6.94,68,1,0
4,-6,0.63,8.377,72,0,1
8,-4,0.21,8.794,20,0,1
5,-4,0.51,7.736,68,0,0
6,-6,0.95,8.075,56,0,1
8,-6,0.37,5.253,72,1,1
7,-6,0.08,7.425,55,0,0
9,-7,0.79,4.962,62,1,0
4,-6,0.49,8.509,28,1,1
9,-3,0.08,4.105,33,0,0
6,-8,0.38,4.853,46,0,0
9,-4,0.56,4.037,89,1,0
10,-3,0.17,5.42,62,1,0
6,-2,0.08,5.322,84,1,1
8,-2,0.33,7.415,68,1,1
6,-8,0.34,8.88,16,0,1
4,-8,0.78,4.178,48,0,1
9,-5,0.64,7.609,22,1,0
5,-4,0.95,6.219,31,1,0
5,-5,0.9,6.527,79,1,0
8,-6,0.78,7.385,70,0,1
10,-4,0.01,7.897,16,1,1
4,-2,0.98,5.64,70,0,1
4,-6,0.03,4.688,82,0,1
4,-6,0.3,5.03,68,1,1
5,-1,0.12,4.626,77,0,0
6,-7,0.44,4.745,71,1,0
9,-6,0.88,5.674,41,1,0
5,-7,0.8,5.201,21,0,0
10,-2,0.85,5.88,85,1,0
4,-6,0.29,8.454,12,0,1
6,-6,0.24000001,7.539,58,1,1
9,-4,0.56,5.771,70,0,0
8,-4,0.41000003,6.023,74,1,1
6,-5,0.39,5.33,24,0,0
6,-8,0.45,7.644,66,1,1
10,-1,0.94,6.235,47,1,0
8,-2,0.15,8.038,48,1,1
9,-4,0.8,4.368,59,1,0
6,-8,0.03,5.59,68,0,1
10,-6,0.65,7.497,85,1,0
8,-2,0.03,8.535,50,0,0
7,-1,0.7,4.864,70,0,0
4,-8,0.07,5.597,10,0,1
8,-4,0.38,5.146,26,1,1
6,-4,0.29000002,9.399,72,1,1
8,-4,0.95,8.491,50,0,1
6,-8,0.16000003,8.931,62,0,1
5,-4,0.86,6.236,44,1,0
8,-6,0.66,8.883,23,0,0
9,-8,0.46,6.711,67,0,0
3,-8,0.27,5.773,57,0,0
6,-4,0.5,3.5630002,22,0,1
7,-4,0.06,5.527,42,0,0
9,-2,0.38,6.7,23,1,0
3,-6,0.07,8.625,28,0,1
8,-1,0.13,7.427,34,0,0
4,-6,0.78,5.506,66,0,1
8,-8,0.95,4.783,56,0,1
6,-2,0.07,8.166,70,0,1
10,-6,0.42,7.353,74,1,0
3,-5,0.08,6.177,83,0,0
6,-4,0.83,6.147,66,0,1
10,-6,0.21,6.957,12,1,1
8,-4,0.89,7.062,78,1,0
6,-8,0.21,5.418,86,1,1
3,-6,0.18,4.117,40,0,1
7,-4,0.97,4.928,41,1,0
9,-7,0.45,8.583,15,0,0
8,-2,0.38,4.636,88,1,1
4,-4,0.78,7.801,38,0,1
9,-1,0.4,6.297,16,0,0
6,-4,0.97,4.676,82,1,1
10,-2,0.22000003,6.297,58,1,1
8,-5,0.39,7.915,18,0,0
4,-6,0.87,6.666,46,0,1
4,-4,0.14,5.387,39,0,0
3,-8,0.21,4.023,11,0,0
6,-2,0.38,5.805,18,1,1
2,-6,0.4,6.63,86,1,1
7,-2,0.17,6.891,80,0,0
9,-7,0.73,5.701,86,1,0
6,-3,0.68,6.28,56,0,0
10,-6,0.08,7.177,34,1,1
4,-4,0.95,7.696,82,0,1
3,-4,0.97,4.082,17,1,0
6,-8,0.93,7.269,62,0,1
7,-4,0.88,7.009,79,1,0
8,-8,0.59,8.35,74,0,1
8,-8,0.74,7.962,54,1,0
9,-5,0.56,6.524,86,1,0
8,-6,0.96,7.115,28,0,1
8,-3,0.49,6.726,55,0,0
7,-8,0.98,4.481,55,1,0
6,-4,0.29,8.501,86,0,0
8,-6,0.65,6.997,64,1,0
7,-7,0.63,7.507,36,1,0
8,-2,0.46,8.596,60,1,1
2,-4,0.45,5.42,78,1,1
5,-2,0.18,5.235,48,0,0
4,-7,0.76,7.875,39,1,0
8,-2,0.19,9.204,48,1,1
5,-5,0.93,7.468,30,1,0
4,-3,0.07,6.675,82,0,0
6,-4,0.33,9.106,24,1,1
6,-4,0.94,7.441,58,0,1
10,-2,0.71,6.63,32,1,0
8,-6,0.17,7.38,46,0,0
5,-5,0.05,8.667,12,0,0
8,-4,0.22000003,4.69,56,1,1
8,-2,0.03,7.798,52,1,1
9,-6,0.83,6.158,62,1,0
4,-6,0.90999997,3.745,20,0,1
6,-4,0.71,3.904,70,0,1
8,-2,0.68,5.797,16,0,1
8,-4,0.07,5.101,58,1,1
9,-8,0.13,8.926,16,0,0
9,-4,0.89,6.584,76,1,0
6,-4,0.58,5.182,54,0,1
2,-2,0.25,5.39,84,0,1
3,-7,0.18,4.345,62,0,0
6,-8,0.37,8.319,54,1,1
8,-4,0.92,6.805,15,1,0
9,-4,0.1,8.552,38,0,0
2,-6,0.120000005,4.936,86,1,1
2,-8,0.48000002,7.688,76,1,1
8,-6,0.53,7.658,88,0,1
8,-6,0.23000002,6.261,88,1,1
8,-2,0.07,7.541,24,0,0
4,-6,0.060000002,5.536,74,0,1
3,-6,0.91,5.103,87,1,0
8,-8,0.8,5.085,38,0,1
3,-5,0.46,8.054,17,0,0
8,-8,0.24000001,9.063,68,1,1
4,-2,0.3,5.114,62,1,1
4,-8,0.99,5.832,60,1,1
5,-3,0.95,8.233,22,1,0
8,-7,0.24,6.816,33,0,0
3,-2,0.01,6.307,51,0,1
10,-2,0.71,6.473,28,1,0
6,-4,0.6,4.771,22,0,1
6,-8,0.71,4.711,24,0,1
10,-3,0.18,5.474,86,1,0
8,-2,0.57,7.399,84,0,1
8,-4,0.3,6.519,48,1,1
9,-7,0.88,8.132,43,1,0
3,-5,0.8,5.222,74,1,0
10,-2,0.38,5.08,88,1,1
9,-6,0.62,5.219,87,1,0
6,-8,0.09,8.605,13,0,0
7,-2,0.97,5.594,63,1,0
8,-4,0.67,5.114,40,0,1
5,-2,0.87,7.693,19,1,0
6,-2,0.46,5.161,38,1,1
4,-8,0.44,5.691,36,1,1
9,-2,0.26,8.129,75,1,0
6,-8,0.15,8.424,40,0,1
10,-8,0.47000003,4.935,18,1,1
6,-4,0.64,5.035,24,0,1
5,-2,0.45,7.486,27,0,0
10,-6,0.44,8.751,10,1,1
6,-6,0.22,8.428,53,0,0
6,-6,0.7,8.168,40,0,1
4,-3,0.77,5.344,89,1,0
9,-1,0.08,7.917,55,1,0
8,-4,0.04000002,9.317,14,0,1
6,-6,0.19,8.201,82,1,1
8,-6,0.100000024,7.434,56,0,1
3,-7,0.04,5.149,21,0,1
6,-7,0.94,5.306,12,0,0
8,-6,0.47000003,4.511,18,1,1
9,-4,0.9,5.113,64,1,0
5,-1,0.57,4.388,57,0,0
6,-4,0.94,8.345,12,0,1
10,-4,0.0,7.689,39,0,0
6,-6,0.62,5.777,73,1,0
8,-4,0.08,6.744,84,1,1
8,-6,0.45,8.552,19,0,0
8,-6,0.64,4.159,34,0,1
8,-4,0.4,8.561,44,1,1
8,-4,0.71,5.101,20,0,1
10,-8,0.07,6.125,70,1,1
2,-8,0.13,5.07,72,0,1
10,-6,0.22000003,6.707,44,1,1
4,-8,0.85,7.168,80,0,1
6,-8,0.81,7.238,74,0,1
6,-2,0.04,5.668,74,0,0
3,-6,0.08,6.578,53,0,1
9,-6,0.45,7.917,75,0,0
8,-6,0.26,7.52,31,0,0
7,-8,0.66,4.704,35,0,0
6,-4,0.65999997,6.907,76,0,1
10,-6,0.25,6.411,19,1,0
6,-3,0.6,7.686,88,0,0
4,-6,0.44,5.022,36,1,1
6,-1,0.83,6.204,81,1,0
5,-2,0.54,4.194,64,0,0
8,-8,0.65,4.621,84,0,1
2,-4,0.23000002,5.893,86,0,1
8,-5,0.76,5.069,74,1,0
4,-4,0.49,5.075,16,1,1
8,-8,0.22000003,7.131,68,1,1
3,-3,0.78,6.296,41,0,0
10,-2,0.3,7.691,29,1,0
6,-4,0.14,7.573,60,1,1
8,-6,0.45,8.838,47,0,0
8,-4,0.37,8.858,38,1,1
6,-8,0.6,5.14,30,0,1
6,-8,0.93,4.02,50,0,1
6,-2,0.31,5.434,54,1,1
10,-6,0.3,9.195,60,1,1
8,-6,0.74,4.88,50,0,1
8,-6,0.77,4.792,42,1,1
7,-2,0.34,4.168,54,0,0
8,-7,0.63,4.401,55,1,0
8,-8,0.02,6.155,54,1,1
4,-2,0.85,4.345,76,0,1
3,-2,0.88,7.152,24,0,0
8,0,0.08,8.732,30,1,1
8,-4,0.82,8.673,59,1,0
8,-6,0.050000012,5.164,62,1,1
9,-5,0.03,7.977,43,0,0
6,-5,1.0,8.2,32,1,0
5,-5,0.59,4.571,26,0,0
6,-8,0.6,8.302,14,0,1
3,-2,0.95,8.512,14,1,0
3,-5,0.83,5.282,43,1,0
6,-6,0.41000003,7.83,28,1,1
2,-6,0.45,7.036,60,1,1
10,-4,0.04000002,8.341,82,1,1
8,-2,0.99,7.792,14,0,1
6,-6,1.0,5.613,29,1,0
3,-7,0.47,6.894,24,0,0
5,-2,0.34,6.825,76,0,0
4,-4,0.39,6.178,88,1,1
5,-1,0.71,4.014,17,0,0
3,-4,0.26,7.16,36,0,0
5,-4,0.18,8.747,58,0,0
8,-8,0.88,7.985,62,0,1
3,-7,0.57,4.137,72,0,0
6,-8,0.84,7.014,28,0,1
8,-5,0.4,8.04,52,0,0
8,-3,0.84,7.775,15,0,0
3,-5,0.59,6.655,59,0,0
4,-6,0.89,4.036,28,0,1
8,-6,0.88,5.242,35,1,0
6,-4,0.77,5.682,36,0,1
4,-1,0.37,4.255,82,0,0
8,-6,0.57,4.949,52,0,1
5,-6,0.37,8.421,39,0,0
3,-4,0.11,4.312,44,0,1
3,-3,0.9,8.951,62,1,0
4,-6,0.63,6.309,88,0,1
5,-5,0.21,8.692,89,0,0
10,-6,0.23000002,5.518,38,1,1
6,-4,0.96,5.094,12,0,1
8,-8,0.26,9.294,82,1,1
6,-6,0.35000002,8.986,66,1,1
10,-8,0.24,7.726,57,1,0
8,-2,0.100000024,6.9,80,0,1
7,-6,0.63,4.377,59,1,0
6,-6,0.32,9.075,50,1,1
4,-8,0.74,4.306,88,1,0
6,-8,0.56,8.014,13,0,0
10,-2,0.25,5.459,14,1,1
8,-6,0.100000024,6.434,44,0,1
8,-6,0.88,6.98,34,0,1
6,-6,0.3,7.131,52,1,1
8,-4,0.28,8.004,82,1,1
5,-8,0.1,7.939,74,0,0
6,-4,0.88,4.581,36,0,1
10,-2,0.48000002,8.884,24,1,1
5,-6,0.97,5.54,63,1,0
4,-6,0.18,6.239,60,1,1
6,-3,0.34,4.314,60,0,1
3,-2,0.54,6.257,43,0,0
10,-1,0.84,4.247,31,1,0
9,-7,0.66,6.98,86,1,0
8,-8,0.13,4.769,86,1,1
9,-1,0.53,6.179,73,1,0
10,-3,0.22,6.459,55,1,0
6,-8,0.86,5.056,50,0,1
7,-3,0.54,6.527,52,0,0
6,-8,0.26,5.329,81,0,0
4,-8,0.84,6.398,72,0,1
7,-8,0.69,7.863,55,1,0
6,-2,0.54,8.451,44,0,1
7,-5,0.01,5.506,22,0,0
8,-2,0.0,5.795,86,0,0
3,-4,0.11,4.219,73,0,0
8,-6,0.46,8.274,50,1,1
10,-3,0.22,5.271,75,1,0
8,-2,0.7,8.308,40,0,1
4,-4,0.9,7.241,44,0,1
5,-3,0.95,6.812,75,1,0
9,-8,0.72,4.673,65,1,0
6,-8,0.17000002,5.335,74,1,1
6,-4,0.45,8.433,66,1,1
4,-4,0.91999996,6.467,60,0,1
9,-5,0.84,8.974,49,1,0
9,-6,0.86,7.179,30,1,0
6,-8,0.89,4.1,86,0,1
8,-2,0.060000002,8.023,88,1,1
2,-8,0.74,8.079,72,0,1
9,-5,0.95,4.27,62,1,0
8,-7,0.1,6.474,24,0,0
9,-7,0.55,5.467,66,0,0
3,-5,0.49,7.738,44,0,0
10,-3,0.94,4.013,76,1,0
4,-4,0.44,6.696,52,1,1
8,-4,0.72,4.28,26,0,1
8,-4,0.37,4.847,26,0,0
8,0,0.31,7.885,34,1,1
6,-6,0.36,8.179,67,0,0
7,-6,0.06,6.223,73,0,0
7,-3,0.01,4.311,59,0,0
8,-4,0.64,4.112,12,0,1
10,-6,0.29000002,8.11,58,1,1
5,-8,0.22,7.784,16,0,0
6,-5,0.43,5.125,66,1,0
6,-4,0.62,6.984,36,0,1
4,-6,0.49,4.741,74,1,1
6,-7,0.31,8.414,40,0,0
6,-2,0.4,7.196,56,1,1
6,-2,0.44,6.433,62,1,1
2,-4,0.44,8.252,88,1,1
4,-2,0.95,5.293,30,1,0
8,-8,0.060000002,7.504,18,1,1
10,-2,0.91,8.08,73,1,0
2,-4,0.49,5.905,40,1,1
6,-2,0.45,7.942,50,1,1
6,-6,0.33,5.435,67,1,0
8,-8,0.34,4.755,84,1,1
6,-8,0.54,5.172,35,0,0
8,-6,0.42,6.038,14,0,0
3,-5,0.11,5.839,57,0,0
6,-2,0.49,5.787,62,0,0
8,-4,0.44,8.146,58,1,1
7,-8,0.38,5.405,32,0,0
9,-7,0.54,5.889,28,1,0
8,-4,0.85,4.911,44,0,1
6,-4,0.1,4.156,43,0,0
8,-3,0.52,8.574,15,0,0
8,-2,0.23000002,7.892,38,0,1
7,-7,0.8,5.348,25,0,0
4,-2,0.98,8.209,56,0,1
2,-6,0.31,8.645,80,1,1
4,-2,0.06,4.715,19,0,1
9,-3,0.2,4.886,62,0,0
6,-5,0.85,4.956,71,1,0
5,-5,0.51,7.771,16,0,0
4,-1,0.99,7.703,15,1,0
8,-6,0.45,5.757,78,1,1
4,-2,0.71,6.067,50,0,1
6,-8,0.9,5.518,50,0,1
9,-4,0.75,7.116,76,1,0
10,-8,0.53,7.947,17,1,0
4,-8,0.86,6.412,16,0,1
8,-2,0.61,7.427,19,0,0
8,-4,0.67,8.051,66,0,1
10,-5,0.88,8.295,44,1,0
6,-4,0.98,8.165,89,1,0
3,-1,0.37,4.723,15,0,1
6,-6,0.65,5.208,22,0,1
6,-6,0.48000002,9.391,84,1,1
3,-5,0.65,6.833,89,0,0
9,-7,0.33,7.547,49,0,0
6,-8,0.16000003,9.074,72,1,1
6,-6,0.69,4.159,18,0,1
6,-6,0.5,6.227,59,0,0
6,-8,0.85,7.022,22,0,1
7,-4,0.18,6.221,27,0,0
8,-8,0.110000014,7.871,86,1,1
6,-2,0.3,6.572,50,1,1
10,-2,0.7,8.897,24,1,0
6,-3,0.22,6.921,84,0,1
8,-2,0.08,6.045,66,1,1
10,-4,0.48000002,4.57,30,1,1
7,-8,0.1,5.436,13,0,0
2,-4,0.48000002,5.471,58,1,1
6,-8,0.45,8.606,24,1,1
3,-6,0.59,6.846,89,1,0
9,-6,0.7,8.235,43,1,0
3,-6,0.73,4.287,62,0,0
5,-6,0.46,4.601,60,0,0
4,-6,0.5,9.493,26,1,1
6,-6,0.49,8.673,70,1,1
4,-3,0.54,4.939,55,0,0
4,-8,0.24,7.184,51,0,0
8,-2,0.88,7.487,10,0,1
4,-2,0.90999997,3.6360002,58,0,1
7,-8,0.89,8.327,63,1,0
2,-2,0.41000003,8.763,76,1,1
6,-4,0.78999996,6.136,46,0,1
4,-8,0.83,5.739,32,0,1
3,-3,0.24,5.639,31,0,0
3,-5,0.67,6.461,21,0,0
5,-4,0.5,7.561,54,0,0
8,-6,0.24000001,7.592,52,1,1
5,-2,0.58,6.427,37,0,0
6,-6,0.51,4.384,60,0,1
8,-8,0.49,8.117,88,1,1
3,-7,0.16,6.131,27,0,0
7,-2,0.26,7.285,42,0,0
5,-1,0.55,7.282,44,0,0
4,-4,0.54,3.947,72,0,1
8,-6,0.29000002,4.522,22,1,1
9,-5,0.68,6.007,80,1,0
4,-2,0.28,4.249,22,0,0
7,-6,0.86,6.933,86,1,0
8,-6,0.53,8.932,57,1,0
3,-7,0.03,5.092,12,0,1
6,-2,0.46,6.288,31,0,1
4,-2,0.39,5.202,24,1,1
10,-8,0.27,7.078,50,1,1
4,-6,0.35,5.237,65,0,0
6,-2,0.29000002,4.946,48,1,1
3,-7,0.19,7.379,32,0,0
9,-2,0.63,5.336,21,0,0
9,-3,0.3,7.25,40,0,0
6,-4,0.69,7.978,12,0,1
3,-4,0.05,4.142,15,0,1
4,-8,0.85,5.777,46,0,1
4,-1,0.58,6.599,75,0,0
5,-3,0.9,4.935,74,1,0
6,-6,0.110000014,7.589,76,1,1
6,-4,0.33,7.76,64,1,1
4,-2,0.27,8.567,60,1,1
6,-4,0.44,5.765,22,1,1
4,0,0.4,6.614,14,1,1
8,-6,0.37,5.33,36,1,1
2,-6,0.37,9.312,80,1,1
9,-7,0.12,7.665,65,0,0
4,-4,0.21,8.241,70,1,1
3,-8,0.35,4.415,59,0,0
8,-1,0.65,6.65,30,0,0
3,-3,0.09,7.654,19,0,0
10,-7,0.62,8.957,78,1,0
10,-4,0.29000002,4.772,28,1,1
8,-3,0.96,8.529,80,1,0
8,0,0.18,7.382,16,1,1
6,-2,0.73,5.339,82,0,1
6,-3,0.3,7.716,73,0,1
6,-2,0.65999997,7.778,12,0,1
4,-4,0.78999996,5.282,74,0,1
8,-8,0.18,8.695,53,0,0
8,-5,0.65,6.304,53,1,0
10,-4,0.18,4.908,64,1,1
8,-6,0.7,5.304,16,0,1
5,-4,0.35,6.181,34,0,0
5,-8,0.91,7.375,81,1,0
8,-6,0.38,5.752,31,0,0
9,-3,0.07,6.704,86,0,0
5,-3,0.27,7.362,88,0,0
3,-4,0.19,8.901,86,0,0
4,-6,0.29000002,6.863,36,1,1
4,-2,0.5,7.619,44,1,1
4,-8,0.04,7.066,23,0,1
2,-4,0.89,3.786,22,0,1
6,-4,0.67,7.028,28,0,1
4,-8,0.83,8.058,62,0,1
4,-8,0.42000002,8.719,46,1,1
8,-4,0.41000003,8.381,40,1,1
8,-6,0.22000003,8.382999,12,0,1
10,-4,0.08,9.396,80,1,1
4,-4,0.97,6.188,20,0,1
3,-5,0.02,5.24,30,0,0
5,-8,0.14,7.299,78,0,0
10,-6,0.060000002,7.98,82,1,1
6,-8,0.8,4.605,62,1,0
8,-3,0.17,8.187,11,0,0
5,-8,0.74,5.313,46,1,0
4,-8,0.89,4.045,76,1,1
6,-6,0.2,7.727,86,1,1
3,-5,0.65,8.975,28,0,1
6,-5,0.48,6.942,71,1,0
7,-5,0.02,4.76,65,0,0
8,-5,1.0,5.104,56,1,0
3,-4,0.21,4.06,50,0,0
6,-4,0.88,7.049,90,0,1
8,-8,0.54,7.188,62,0,1
4,-7,0.09,6.605,50,0,1
9,-6,0.86,4.538,46,1,0
10,-2,0.91,5.166,25,1,0
8,-2,0.65999997,6.031,44,0,1
6,-6,0.85,4.091,28,0,1
4,-1,0.63,5.56,19,0,0
8,-4,0.38,6.276,80,1,1
8,-2,0.89,7.528,57,1,0
6,-6,0.4,8.822,76,1,1
7,-7,0.58,8.875,60,1,0
9,-7,0.6,6.375,45,1,0
6,-3,0.31,8.97,66,0,0
8,-8,0.76,4.981,76,0,1
9,-4,0.5,5.088,41,0,0
4,-8,0.39,8.907,36,1,1
7,-2,0.71,4.669,43,0,0
8,-2,0.2,5.176,48,1,1
7,-7,0.98,6.62,26,1,0
7,-1,0.97,6.384,21,1,0
9,-1,0.74,4.296,20,1,0
8,-6,0.79,6.243,37,1,0
3,-3,0.66,5.238,68,0,0
6,-2,0.19,7.479,82,1,1
10,-4,0.34,6.866,82,1,1
4,-4,0.41000003,8.793,72,1,1
6,-4,0.29000002,6.888,82,1,1
3,-6,0.32,7.058,35,0,0
4,-2,0.65999997,6.763,70,0,1
8,0,0.43,8.918,68,1,1
5,-8,0.34,8.504,86,0,0
8,-8,0.55,4.85,56,0,1
8,-6,0.55,5.426,58,0,1
10,-1,0.55,4.057,40,1,0
6,-6,0.96,5.774,52,0,1
3,-8,0.55,8.716,27,0,0
6,0,0.49,6.982,18,1,1
5,-6,0.78,4.493,14,0,0
8,-8,0.35000002,6.04,14,1,1
10,-6,0.91,6.125,48,1,0
8,-6,0.47000003,8.906,74,1,1
5,-4,0.16,5.751,26,0,0
9,-4,0.54,6.391,54,1,0
9,-2,0.22,5.936,83,0,0
9,-5,0.2,5.908,47,1,0
9,-7,0.56,6.824,61,1,0
10,-4,0.45,8.427,53,1,0
6,-2,0.63,5.067,32,0,1
5,-8,0.71,4.536,37,0,0
8,-8,0.69,5.083,20,0,1
4,-4,0.90999997,7.7110004,82,0,1
4,-4,0.65999997,4.462,86,0,1
5,-5,0.48,4.667,80,0,0
4,0,0.44,5.338,40,1,1
4,-4,0.17,4.35,72,0,0
9,-3,0.96,5.818,33,1,0
3,-6,0.08,4.905,56,0,1
7,-7,0.86,5.628,88,1,0
10,-3,0.08,7.395,56,1,0
5,-6,0.19,8.548,77,0,0
8,-4,0.61,4.447,11,0,0
8,-4,0.63,7.276,76,0,1
6,-4,0.45,4.142,17,0,0
4,-6,0.42000002,5.411,26,1,1
4,-8,0.97,5.156,28,0,1
8,-6,0.29000002,6.283,74,1,1
8,-2,0.64,7.98,54,0,1
5,-6,0.86,7.951,77,1,0
5,-2,0.69,5.961,81,0,0
4,-7,0.69,7.058,30,1,0
8,-6,0.13,4.628,60,1,1
6,-2,0.44,9.14,32,1,1
6,-2,0.49,8.219999,44,1,1
6,-8,0.22000003,7.102,48,1,1
6,-8,0.21,7.655,70,0,1
6,-2,0.31,7.474,72,1,1
6,-6,0.58,5.47,58,0,1
4,-4,0.93,6.099,14,0,1
7,-4,0.15,4.649,86,0,0
8,0,0.28,5.588,46,1,1
9,-4,0.04,7.293,63,0,0
7,-1,0.01,8.378,50,0,0
6,-7,0.66,8.037,63,1,0
2,-6,0.82,5.337,62,0,1
3,-1,0.94,7.613,16,1,0
8,-6,0.26,4.684,66,1,1
6,-4,0.13,5.261,88,1,1
6,-4,0.34,8.013,52,1,1
6,-7,0.65,7.742,44,0,0
7,-6,0.5,5.153,11,0,0
6,-8,0.53,6.284,14,0,1
5,-4,0.87,4.121,62,1,0
6,-8,0.3,8.15,74,0,0
8,-4,0.16000003,7.693,58,1,1
10,-4,0.41000003,5.356,66,1,1
4,-6,0.16000003,9.228,72,0,1
4,-6,0.36,4.883,66,1,1
6,-4,0.53,6.079,40,0,1
5,-8,0.61,5.025,72,1,0
8,-4,0.08,8.087999,44,1,1
10,-2,0.53,6.608,36,1,0
3,-3,0.78,4.803,59,0,0
6,-2,0.41000003,9.364,74,1,1
3,-6,0.18,4.181,19,0,1
9,-7,0.5,6.14,61,1,0
4,-4,0.67,5.456,66,0,1
8,-4,0.68,6.306,63,1,0
9,-8,0.24,6.452,57,1,0
8,-6,0.47,5.574,34,0,0
10,-4,0.110000014,7.404,48,1,1
8,0,0.44,6.458,28,1,1
8,-8,0.58,8.416,88,0,1
5,-1,0.7,7.684,37,0,0
3,-7,0.18,5.157,19,0,0
6,-8,0.56,6.935,54,0,1
8,-7,0.12,6.359,11,0,0
10,-6,0.35000002,6.862,18,1,1
6,-4,0.18,7.179,85,0,0
4,-8,0.3,8.465,78,1,1
8,-8,0.48,5.082,40,0,0
4,-2,0.35,7.704,35,0,0
2,-8,0.86,4.321,28,0,1
4,-6,0.97,4.321,72,0,1
8,-2,0.47000003,5.362,78,1,1
4,-2,0.37,8.392,28,1,1
4,-6,0.13,4.678,19,0,1
10,-2,0.4,5.258,76,1,1
5,-5,0.57,5.138,17,0,0
9,-7,0.67,5.708,21,1,0
6,-8,0.78,5.121,23,1,0
10,-8,0.21,7.343,39,1,0
7,-4,0.15,7.9,18,0,0
10,-3,0.49,4.099,42,1,0
4,-6,0.12,8.969,53,0,0
2,-6,0.19,6.012,68,1,1
4,-2,0.35000002,8.752,50,1,1
4,-2,0.31,7.479,68,1,1
6,-5,0.8,5.602,25,0,0
5,-3,0.76,6.874,47,0,0
5,-7,0.86,6.826,23,1,0
4,-6,0.91999996,6.189,32,0,1
5,-6,0.65,7.471,44,1,0
3,-2,0.05,4.395,16,0,1
5,-1,0.53,4.82,69,0,0
3,-1,0.25,4.469,21,0,1
9,-6,0.8,7.901,38,1,0
10,-6,0.16000003,8.441999,88,1,1
4,-2,0.56,5.922,26,0,0
4,-4,0.09,8.191,78,0,1
8,-8,0.23000002,8.202,54,1,1
3,-7,0.66,5.978,69,0,0
6,-2,0.09,9.299,86,1,1
8,-8,0.83,8.136,72,0,1
10,-8,0.33,7.539,74,1,0
6,-6,0.05,8.532,35,0,0
10,-6,0.98,4.452,23,1,0
4,-6,0.28,5.609,52,1,1
6,-8,0.82,5.943,80,0,1
10,-6,0.100000024,5.8,10,1,1
3,-5,0.42,5.546,61,0,0
8,-4,0.39,8.865,76,1,1
10,-3,0.59,8.866,10,1,0
3,-4,0.67,7.973,34,0,0
6,-2,0.28,6.176,78,1,1
2,-8,0.27,7.337,58,1,1
8,-2,0.65,4.202,75,1,0
10,-2,0.33,4.149,83,1,0
8,-2,0.56,5.847,86,0,0
6,-3,0.69,4.499,65,1,0
8,-2,0.39,5.966,88,1,1
10,-8,0.41000003,7.106,70,1,1
8,-4,0.74,8.188,62,0,1
10,-6,0.56,7.71,13,1,0
6,-8,0.11,6.923,52,0,0
7,-2,0.17,7.706,83,0,0
3,-5,0.11,7.065,87,0,0
5,-3,0.64,4.807,52,0,0
8,-6,0.73,5.428,40,0,1
4,-2,0.78999996,5.267,34,0,1
4,-2,0.04,8.128,61,0,1
5,-4,0.01,6.93,70,0,0
4,-8,0.03,6.775,68,0,1
8,-2,0.33,8.608,14,0,1
8,-8,0.04000002,8.01,24,0,1
4,-6,0.9,7.598,44,0,1
4,-5,0.23,8.742,36,0,1
10,-4,0.18,8.4279995,52,1,1
8,-4,0.39,8.97,22,1,1
10,-2,0.27,9.485,88,1,1
8,-6,0.25,7.242,50,1,1
5,-7,0.35,5.577,49,0,0
7,-6,0.81,6.5,19,1,0
9,-6,0.34,4.35,73,0,0
10,-4,0.38,8.95,56,1,1
4,-4,0.9,4.806,10,0,1
6,-8,0.88,7.007,64,0,1
9,-5,0.72,7.054,77,1,0
6,-1,0.11,6.664,20,0,0
4,-4,0.86,4.539,80,0,1
6,-6,0.4,7.113,44,1,1
7,-5,0.67,5.541,35,0,0
4,-2,0.34,8.313,88,1,1
4,-2,0.37,4.789,50,1,1
7,-2,0.5,7.84,25,0,0
3,-5,0.01,5.599,40,0,1
6,-8,0.37,8.591,56,1,1
4,-4,0.25,5.864,42,1,1
8,-7,0.73,8.772,32,1,0
8,-8,0.78,8.859,22,1,0
8,-2,0.07,6.767,66,0,1
4,-3,0.2,4.939,42,0,0
9,-1,0.12,5.651,33,1,0
10,-7,0.69,5.452,73,1,0
8,-4,0.83,8.063,82,0,1
4,-2,0.47000003,4.703,74,1,1
10,-5,0.7,6.966,13,1,0
2,-6,0.87,8.157,66,0,1
9,-5,0.12,8.442,26,0,0
6,-8,0.110000014,8.204,58,0,1
3,-2,0.87,7.926,83,1,0
4,-3,0.05,7.103,46,0,1
5,-7,0.85,4.378,63,1,0
10,-8,0.060000002,7.878,30,1,1
6,-6,0.29000002,5.173,32,1,1
4,-7,0.02,6.232,63,0,1
5,-6,0.12,7.199,78,0,0
6,-4,0.49,6.37,72,1,1
4,-6,0.29000002,7.581,34,1,1
5,-6,0.03,5.64,53,0,0
8,-6,0.89,8.109,16,0,1
4,-3,0.36,8.6,59,0,0
8,-2,0.48000002,6.471,52,1,1
4,-4,0.22000003,6.018,78,1,1
2,-6,0.46,7.192,68,1,1
8,-6,0.35000002,5.811,16,1,1
4,-8,0.9,7.402,88,0,1
10,-3,0.7,5.005,61,1,0
10,-4,0.48,8.701,46,1,0
10,-2,0.24000001,5.037,58,1,1
8,-2,0.84,4.593,79,1,0
6,-4,0.26,7.671,18,0,1
4,-2,0.25,8.402,63,0,0
6,-4,0.43,8.053,15,0,0
10,-8,0.33,5.322,17,1,0
9,-7,0.17,8.729,67,0,0
4,-4,0.84,3.797,18,0,1
10,-4,0.54,8.436,38,0,1
8,-8,0.050000012,6.363,32,1,1
3,-4,0.05,4.346,43,0,1
3,-2,0.88,5.692,66,1,0
2,-4,0.87,3.799,28,0,1
6,-8,0.35000002,6.582,30,1,1
4,-8,0.13,7.521,58,1,1
8,-5,0.23,6.91,45,0,0
8,-6,0.050000012,5.155,66,1,1
4,-4,0.26,9.071,62,0,1
4,-6,0.68,6.445,62,0,1
2,-6,0.76,6.324,44,0,1
5,-2,0.85,4.43,51,1,0
8,-2,0.03,5.035,43,0,0
3,-8,0.02,5.103,25,0,0
3,-3,0.73,8.96,46,0,0
8,-6,0.19,4.48,44,0,0
3,-2,0.48,4.767,80,0,0
3,-2,0.19,5.696,14,0,0
6,-5,0.68,7.499,64,1,0
10,-7,0.59,8.018,41,1,0
9,-4,0.93,6.647,57,1,0
9,-5,0.37,5.396,57,0,0
7,-5,0.1,6.833,64,0,0
8,0,0.2,7.983,46,0,1
4,-2,0.8,6.471,82,0,1
8,-3,0.2,4.973,26,0,0
10,-4,0.35,5.128,83,1,0
10,-5,0.13,5.765,17,0,0
4,-6,0.4,8.32,22,1,1
6,-8,0.75,5.261,90,0,1
10,-6,0.56,5.376,86,1,0
6,-6,0.68,8.763,50,1,0
8,-2,0.47000003,6.572,48,1,1
5,-2,0.81,5.118,80,1,0
6,-8,0.28,6.154,56,1,1
5,-3,0.25,7.31,63,0,0
7,-5,0.99,7.556,22,1,0
6,-6,0.16000003,5.577,44,1,1
9,-8,0.65,6.792,13,1,0
2,-8,0.44,9.333,88,1,1
7,-6,0.12,5.449,11,0,0
6,-8,0.48000002,8.156,22,1,1
10,-1,0.28,4.388,45,1,0
8,-2,0.69,4.377,64,0,1
8,-6,0.83,6.471,38,0,1
4,-2,0.26,4.813,84,1,1
5,-1,0.33,4.687,22,0,0
4,-4,0.93,5.045,88,0,1
6,-2,0.07,8.165,77,0,0
8,-4,0.22000003,6.237,32,0,1
8,-8,0.85,5.928,23,1,0
6,-8,0.87,5.177,38,0,1
8,-6,0.43,4.415,67,1,0
4,-2,0.82,6.314,60,1,0
4,-6,0.39,7.563,22,1,1
10,-7,0.11,4.998,61,1,0
3,-5,0.46,6.827,72,0,0
4,-6,0.05,7.501,36,0,1
8,-8,0.58,7.069,71,1,0
9,-2,0.07,4.117,72,0,0
6,-3,0.53,8.826,54,0,0
4,-4,0.24,7.792,23,0,1
8,-2,0.71,8.21,80,0,1
6,-6,0.34,8.091,64,1,1
6,-8,0.83,6.785,68,0,1
9,-3,0.54,8.058,46,1,0
8,-2,0.41000003,9.441,40,1,1
8,-5,0.14,6.547,56,0,0
8,-2,0.18,7.008,36,1,1
8,-2,0.14,7.852,58,1,1
8,-3,0.64,8.353,84,1,0
4,-6,0.36,9.026,80,1,1
4,-4,0.19,4.753,10,0,0
3,-6,0.02,5.371,15,0,0
8,-8,0.33,5.65,84,1,0
6,-2,0.28,7.084,66,1,1
8,-2,0.05,6.248,48,0,0
4,-6,0.19,7.652,60,1,1
8,-2,0.99,7.612,72,1,0
2,-4,0.82,8.149,46,0,1
6,-8,0.88,4.044,46,0,1
10,-2,0.12,5.969,85,1,0
8,-4,0.31,5.886,80,1,1
4,-8,0.3,5.99,17,0,0
8,-2,0.18,4.841,12,0,1
8,-2,0.83,8.801,50,1,0
4,-4,0.4,6.968,70,1,1
4,-1,0.81,4.044,73,1,0
8,-8,0.44,4.643,40,1,1
8,-6,0.4,6.069,62,1,1
5,-8,0.39,8.167,45,0,0
10,-3,0.02,8.661,35,0,0
3,-2,0.5,5.607,43,0,0
8,-5,0.38,8.636,12,0,0
8,-4,0.45,7.324,86,1,1
4,-5,0.2,4.862,35,0,0
6,0,0.46,8.016,38,1,1
9,-4,0.62,8.26,40,1,0
10,-8,0.04,5.328,14,0,0
10,-6,0.34,6.357,24,1,1
10,-6,0.120000005,7.583,66,1,1
6,-8,0.120000005,7.411,48,0,1
9,-3,0.48,6.385,73,0,0
4,-7,0.73,8.344,64,1,0
8,-6,0.34,9.237,40,1,1
6,-6,0.28,4.957,48,1,1
8,-4,0.90999997,4.931,14,0,1
8,-2,0.58,8.947,22,0,0
2,-6,0.47000003,6.76,62,1,1
4,-7,0.6,6.162,77,1,0
4,-2,0.99,6.256,12,0,1
4,-4,0.39,5.628,64,0,1
3,-8,0.61,6.982,46,0,0
6,-2,0.33,6.13,20,1,1
8,-6,0.16,4.598,68,0,0
3,-8,0.62,8.324,75,0,0
9,-8,0.7,5.229,71,1,0
8,-2,0.36,8.68,80,1,1
9,-7,0.08,6.15,51,1,0
10,-4,0.38,8.427,26,1,0
10,-4,0.49,7.837,77,1,0
8,-8,0.83,4.965,34,0,1
8,-7,0.89,6.331,13,1,0
3,-4,0.48,4.641,53,0,0
3,-6,0.21,5.429,77,0,0
8,-4,0.85,4.633,32,1,0
4,-2,0.84,6.026,62,0,1
10,-2,0.94,5.712,86,1,0
9,-8,0.93,6.5,68,1,0
5,-2,0.78,4.089,22,1,0
8,-4,0.16000003,5.897,56,1,1
6,-4,0.97,4.622,68,1,1
8,-6,0.75,7.5480003,90,0,1
8,-4,0.53,7.859,86,0,1
7,-2,0.29,4.129,28,0,0
5,-1,0.66,4.489,22,0,0
8,-3,0.21,6.772,73,0,0
4,-3,0.97,5.043,63,1,0
8,-2,0.29000002,4.948,22,1,1
7,-2,0.12,6.649,77,0,0
4,-2,0.3,8.907,50,1,1
8,-6,0.91999996,8.475,44,1,1
6,-7,0.68,5.807,74,1,0
2,-4,0.26,4.625,74,1,1
3,-2,0.16,5.706,42,0,1
4,-2,0.38,4.096,59,0,0
3,-1,0.45,8.985,80,0,0
8,-2,0.85,5.293,82,0,1
3,-6,0.72,7.252,22,0,0
8,-3,0.82,6.621,65,1,0
9,-7,0.04,8.269,83,0,0
5,-1,0.82,6.358,54,1,0
9,-5,0.97,7.611,31,1,0
9,-2,0.73,7.021,49,1,0
6,-4,0.43,8.35,66,1,1
6,-8,0.08,8.422,58,1,1
6,-8,0.17000002,7.477,28,0,1
8,-6,0.8,7.287,16,0,1
6,-4,0.84,8.452,26,0,0
9,-2,0.94,6.169,68,1,0
8,-6,0.82,7.714,24,0,1
4,-8,0.72,6.859,52,0,1
4,-6,0.88,5.538,88,1,0
8,-2,0.14,7.751,58,0,1
6,-8,0.060000002,6.24,84,1,1
7,-4,0.98,6.012,27,1,0
9,-7,0.68,5.131,26,0,0
8,-4,0.65999997,7.839,18,0,1
4,-2,0.38,5.98,36,1,1
8,-3,0.3,7.238,54,0,0
8,0,0.3,8.64,72,1,1
10,0,0.15,5.473,76,1,1
10,-3,0.58,7.124,23,1,0
10,-6,0.23000002,8.558,16,1,1
4,-2,0.56,3.731,72,0,1
10,-3,0.12,6.831,35,1,0
7,-6,0.02,7.826,61,0,0
5,-6,0.57,8.959,82,0,0
8,-2,0.49,7.902,60,1,1
6,-4,0.35000002,9.453,50,1,1
3,-4,0.11,4.741,31,0,1
6,-8,0.38,5.075,76,1,1
10,-4,0.42000002,5.082,58,1,1
8,-6,0.02,8.617,72,1,1
2,-6,0.43,9.167,76,1,1
6,-8,0.9,6.502,52,0,1
9,-3,0.22,5.831,65,1,0
10,-8,0.2,6.852,60,1,1
3,-8,0.63,4.421,21,0,0
8,-8,0.29000002,7.475,16,1,1
6,-8,0.46,7.315,20,1,1
8,-2,0.82,5.325,56,0,1
4,-2,0.42,6.363,81,0,0
9,-4,0.23,4.17,85,1,0
8,-2,0.49,4.592,40,1,1
10,-8,0.27,6.05,81,1,0
5,-2,0.52,4.342,13,0,0
6,-4,0.46,9.108,56,1,1
4,-5,0.58,4.393,32,0,0
6,-4,0.26,8.014999,42,1,1
2,-4,0.29000002,8.548,86,1,1
7,-2,0.5,6.656,39,0,0
3,-6,0.42,6.948,36,0,0
10,-4,0.61,6.885,14,0,1
6,-8,0.72,6.987,56,0,1
9,-5,0.96,7.108,10,1,0
6,-6,0.5,7.367,16,1,1
3,-7,0.78,7.749,86,0,0
8,-4,0.7,7.9700003,72,0,1
4,-4,0.2,7.124,64,1,1
8,-2,0.75,7.792,22,0,1
5,-6,0.38,4.315,57,0,0
8,-3,0.94,5.686,68,1,0
5,-8,0.24,6.23,83,0,0
6,-6,0.55,6.951,18,0,1
7,-7,0.03,8.341,68,0,0
10,-8,0.67,6.989,52,1,0
4,-1,0.2,5.245,52,0,0
8,-8,0.69,5.679,12,0,0
10,-4,0.29,8.077,83,1,0
8,-6,0.58,6.171,86,1,0
10,-1,0.61,7.799,41,1,0
4,-8,0.89,6.983,46,0,1
3,-5,0.08,7.972,21,0,1
9,-2,0.68,7.49,30,1,0
