N,F0,PER,d0,v0,collision
3,-2,0.77,6.045,23,0
4,-4,0.3,5.483,70,0
7,-5,0.01,5.506,22,0
9,-6,0.14,4.323,59,0
4,-2,0.42,6.363,81,0
9,-6,0.52,7.523,32,1
7,-6,0.82,4.671,14,1
8,-4,0.15,4.207,83,0
10,-8,0.09,6.167,73,1
5,-8,0.09,7.16,24,0
4,-6,0.45,8.452,66,0
9,-8,0.83,6.907,53,1
10,-6,0.05,5.03,44,1
6,-6,0.22,4.848,26,0
6,-5,0.48,6.942,71,1
7,-8,0.21,8.46,20,0
7,-5,0.37,4.228,18,0
5,-5,0.31,6.253,35,0
4,-2,0.74,6.998,74,1
3,-5,0.12,7.123,31,0
10,-4,0.18,5.694,12,0
6,-2,0.51,8.715,43,0
6,-5,0.65,5.942,21,0
9,-4,0.8,4.647,56,1
8,-6,0.3,4.238,67,0
4,-6,0.44,5.964,40,0
6,-5,0.43,5.516,88,0
8,-6,0.09,7.896,15,0
3,-8,0.57,8.879,70,0
4,-3,0.24,4.18,23,0
3,-5,0.95,7.674,35,1
5,-4,0.71,6.003,30,0
6,-2,0.65,5.164,48,0
8,-5,0.4,8.04,52,0
9,-5,0.17,8.233,47,0
7,-1,0.83,6.409,83,1
8,-7,0.15,6.957,46,0
10,-8,0.11,8.437,35,1
9,-1,0.85,8.846,69,1
10,-7,0.5,5.004,20,1
7,-2,0.96,6.497,30,1
8,-3,0.05,6.303,44,0
6,-2,0.8,5.807,29,0
3,-8,0.44,7.843,82,1
5,-6,0.58,6.259,29,0
10,-1,0.61,7.799,41,1
4,-6,0.45,7.816,46,0
5,-5,0.9,4.465,80,1
3,-4,0.25,5.307,60,0
6,-2,0.34,8.919,80,0
9,-5,0.82,8.431,83,1
9,-3,0.2,4.886,62,0
5,-8,0.83,6.919,29,1
7,-4,0.15,7.9,18,0
7,-8,0.84,8.259,59,1
8,-7,0.37,5.358,81,1
7,-5,0.02,4.76,65,0
10,-2,0.36,8.429,74,1
9,-6,0.26,5.929,69,1
4,-4,0.55,4.276,32,0
6,-8,0.41,7.008,64,0
4,-8,0.4,6.299,64,0
9,-5,0.76,5.825,73,1
6,-7,0.59,4.085,33,0
10,-3,0.65,8.113,31,1
9,-3,0.03,5.785,28,0
5,-4,0.28,8.818,27,0
8,-1,0.48,5.498,43,0
10,-2,0.85,5.88,85,1
8,-2,0.84,7.494,81,1
6,-2,0.42,4.192,89,0
5,-8,0.92,8.15,40,1
6,-8,0.12,5.036,77,0
3,-4,0.98,7.638,74,1
8,-7,0.46,7.703,23,0
8,-3,0.71,4.651,79,1
7,-7,0.7,5.594,16,0
4,-8,0.31,8.375,62,0
7,-5,0.19,4.033,37,0
5,-8,0.39,8.167,45,0
9,-3,0.12,8.95,43,0
10,-4,0.5,6.087,27,1
7,-4,0.88,7.009,79,1
4,-6,0.88,5.538,88,1
4,-7,0.13,7.853,88,0
5,-5,0.76,7.84,67,1
6,-8,0.17,6.639,69,0
5,-7,0.1,4.413,25,0
8,-5,0.38,8.636,12,0
3,-1,0.38,5.123,10,0
8,-6,0.26,7.52,31,0
3,-5,0.49,7.738,44,0
6,-7,0.9,7.383,14,1
8,-5,0.14,6.547,56,0
10,-3,0.94,4.013,76,1
10,-6,0.7,5.776,78,1
6,-3,0.24,4.643,74,0
10,-4,0.29,8.077,83,1
4,-5,0.98,4.805,78,1
5,-6,0.71,8.86,44,0
9,-3,0.73,4.767,39,1
5,-7,0.03,7.673,28,0
4,-2,0.76,8.046,16,0
6,-6,0.36,8.179,67,0
5,-3,0.9,4.935,74,1
9,-8,0.72,4.673,65,1
10,-4,0.95,4.701,18,1
9,-3,0.77,8.989,71,1
3,-8,0.55,4.102,68,1
4,-1,0.19,6.863,79,0
5,-5,0.58,7.046,11,0
7,-4,0.97,4.928,41,1
3,-4,0.21,4.06,50,0
10,-4,0.07,6.458,79,1
7,-4,0.94,4.975,65,1
9,-8,0.68,4.975,43,1
10,-6,0.46,6.024,55,1
7,-8,0.66,4.704,35,0
8,-8,0.85,5.928,23,1
7,-5,1.0,5.915,49,1
4,-4,0.08,8.537,23,0
5,-3,0.95,6.812,75,1
3,-8,0.98,7.06,40,1
4,-6,0.24,5.793,34,0
4,-7,0.84,7.608,52,1
6,-6,0.45,8.614,33,0
10,-3,0.22,5.271,75,1
4,-4,0.25,7.568,23,0
10,-5,0.53,8.886,27,1
4,-8,0.49,8.626,47,0
10,-6,0.59,8.19,63,1
4,-4,0.73,4.488,41,1
8,-4,0.01,4.327,10,0
8,-7,0.27,5.795,15,0
10,-6,0.32,7.462,27,1
9,-7,0.17,8.729,67,0
5,-6,0.07,6.269,20,0
5,-4,0.69,4.453,82,1
4,-3,0.2,4.939,42,0
7,-5,0.47,7.715,70,1
5,-6,0.05,8.616,14,0
4,-8,0.81,5.579,70,1
10,-1,0.28,4.388,45,1
6,-5,0.7,6.241,43,1
9,-5,0.96,7.108,10,1
7,-2,0.06,7.312,35,0
9,-3,0.75,5.456,53,1
10,-7,0.19,5.154,40,1
6,-5,0.65,4.493,68,1
4,-1,0.97,4.387,21,1
9,-5,0.46,8.675,82,0
8,-8,0.76,8.803,22,0
10,-6,0.55,8.966,22,1
4,-5,0.61,7.736,86,1
4,-7,0.79,4.252,79,1
5,-5,0.66,5.862,71,0
7,-7,0.84,4.947,53,1
5,-8,0.28,8.868,17,0
9,-5,0.75,5.799,19,0
6,-6,0.94,8.875,28,1
5,-3,0.24,7.797,38,0
3,-5,0.52,8.098,73,0
8,-5,0.2,6.902,28,0
3,-1,0.36,4.013,73,0
3,-6,0.47,7.839,85,0
9,-2,0.24,8.735,55,0
7,-6,0.08,7.425,55,0
9,-5,0.03,7.977,43,0
7,-5,0.66,4.559,58,1
5,-8,0.39,4.806,47,0
10,-4,0.08,6.65,48,1
9,-3,0.48,6.385,73,0
4,-8,0.5,4.561,84,1
4,-4,0.82,7.204,12,1
3,-1,0.06,5.175,51,0
5,-5,0.13,4.325,14,0
9,-5,0.96,6.28,46,1
5,-6,0.38,4.315,57,0
5,-5,0.75,4.406,15,0
9,-6,0.12,7.316,10,0
10,-4,0.67,7.957,19,1
9,-7,0.71,6.722,33,1
6,-7,0.47,5.457,21,0
10,-6,0.8,6.487,80,1
9,-6,0.63,5.295,18,1
6,-7,0.73,6.18,43,1
9,-7,0.73,5.701,86,1
8,-3,0.16,4.585,18,0
9,-5,0.58,5.279,61,1
6,-2,0.09,6.291,23,0
3,-8,0.33,7.423,15,0
9,-3,0.8,6.452,15,1
4,-6,0.35,5.237,65,0
6,-6,0.4,6.535,40,0
8,-6,0.55,5.057,27,0
4,-5,0.37,5.756,50,0
5,-8,0.73,8.234,48,1
9,-7,0.58,5.423,12,1
4,-5,0.06,5.439,24,0
7,-3,0.57,8.919,43,0
6,-5,0.03,6.363,31,0
4,-4,0.01,8.742,26,0
9,-4,0.08,4.872,72,0
6,-5,0.11,5.06,88,0
4,-1,0.94,7.288,73,1
7,-5,0.99,7.556,22,1
6,-5,0.82,5.421,72,1
8,-5,0.81,6.347,64,1
4,-2,0.87,4.39,12,0
9,-5,0.78,7.842,47,1
4,-1,0.11,7.611,67,0
5,-6,0.55,6.556,57,0
5,-7,0.08,6.036,52,0
8,-6,0.78,6.799,22,1
7,-6,0.03,5.709,48,0
6,-2,0.04,5.668,74,0
9,-3,0.95,5.478,15,1
10,-7,0.69,5.452,73,1
3,-5,0.11,7.065,87,0
6,-4,0.82,4.605,18,1
7,-6,0.12,5.449,11,0
8,-2,0.75,5.511,71,1
8,-8,0.76,8.522,41,1
7,-3,0.42,4.038,51,0
5,-3,0.91,5.736,72,1
7,-6,0.37,8.63,87,0
3,-5,0.65,6.833,89,0
5,-2,0.75,4.741,83,0
5,-8,0.91,5.701,29,0
3,-3,0.0,8.065,54,0
3,-7,0.93,6.573,11,1
9,-7,0.56,4.922,30,1
9,-8,0.58,4.952,47,1
3,-1,0.97,5.374,34,1
9,-7,0.68,5.131,26,0
4,-8,0.11,8.491,74,0
5,-6,0.17,4.193,61,0
8,-2,0.16,6.02,12,0
9,-4,0.37,6.649,45,0
8,-5,0.33,4.289,25,0
4,-4,0.46,4.711,83,0
10,-5,0.13,5.765,17,0
3,-7,0.39,6.851,29,0
6,-5,0.46,7.881,78,0
6,-3,0.4,4.371,68,0
4,-6,0.85,6.35,10,0
5,-4,0.25,5.96,36,0
5,-6,0.26,5.984,68,0
6,-7,0.7,5.251,79,1
3,-2,0.19,5.696,14,0
8,-6,0.47,5.574,34,0
10,-8,0.69,6.08,69,1
7,-3,0.66,4.027,64,1
7,-8,0.35,5.779,33,0
7,-2,0.68,4.583,78,1
3,-3,0.7,5.044,71,0
3,-2,0.67,8.424,47,0
5,-1,0.75,8.772,64,0
3,-7,0.81,5.231,46,0
5,-2,0.77,6.452,13,0
10,-3,0.02,8.661,35,0
8,-5,0.0,7.881,64,0
6,-6,0.32,4.385,21,0
10,-5,0.95,8.162,11,1
5,-5,0.93,7.183,19,1
5,-8,0.0,8.927,55,0
10,-8,0.38,8.34,28,1
5,-6,0.52,8.212,43,0
3,-8,0.35,4.415,59,0
6,-2,0.34,8.364,49,0
10,-8,0.71,4.158,39,1
4,-1,0.58,6.599,75,0
4,-2,0.28,4.249,22,0
4,-6,0.16,8.12,70,0
8,-6,0.55,4.037,37,1
9,-5,0.37,5.396,57,0
9,-8,0.08,6.999,71,1
8,-4,0.35,6.198,65,0
3,-5,0.99,5.803,65,1
3,-2,0.43,5.9,55,0
5,-7,0.35,5.577,49,0
3,-6,0.24,4.413,86,0
6,-1,0.11,6.664,20,0
3,-7,0.35,5.449,79,0
6,-8,0.41,7.748,14,0
6,-8,0.27,5.556,34,0
6,-2,0.42,8.672,13,0
10,-7,0.77,6.23,27,1
7,-1,0.79,5.268,62,1
8,-1,0.54,7.199,85,0
10,-6,0.73,5.548,31,1
8,-5,0.86,5.256,44,1
7,-7,0.8,5.348,25,0
4,-8,0.71,5.019,79,1
7,-3,0.96,8.173,13,1
7,-3,0.94,4.443,27,1
10,-3,0.22,4.322,22,1
9,-6,0.86,4.538,46,1
7,-5,0.43,4.388,21,0
8,-4,0.53,8.765,71,1
5,-3,0.64,5.307,33,0
5,-5,0.73,7.452,49,1
3,-4,0.7,6.08,19,0
3,-6,0.36,7.645,86,0
5,-7,0.44,8.755,69,0
6,-1,0.22,6.298,49,0
3,-7,0.57,4.137,72,0
8,-7,0.54,4.565,54,0
4,-7,0.51,8.751,70,0
7,-5,0.27,4.608,37,0
10,-5,0.33,5.185,54,1
7,-4,0.4,7.375,85,0
10,-2,0.33,4.149,83,1
9,-7,0.28,5.67,46,1
8,-4,0.45,4.945,16,0
7,-6,0.88,5.425,33,1
4,-8,0.09,8.029,72,0
4,-4,0.69,7.965,84,1
6,-2,0.29,8.995,68,0
5,-2,0.01,4.315,48,0
8,-7,0.7,4.378,36,1
8,-5,1.0,5.104,56,1
9,-5,0.09,6.323,87,1
10,-7,0.94,8.743,34,1
7,-3,0.18,6.85,57,0
6,-8,0.78,5.121,23,1
10,-7,0.32,7.716,11,1
5,-3,0.67,4.114,68,1
10,-6,0.01,5.717,28,1
9,-8,0.64,8.797,52,1
5,-4,0.38,4.43,39,0
8,-2,0.97,8.251,66,1
5,-4,0.51,7.736,68,0
10,-7,0.23,5.183,65,1
6,-7,0.03,5.509,56,0
4,-5,0.62,4.557,32,1
6,-5,0.54,6.493,50,1
5,-2,0.54,4.194,64,0
9,-7,0.33,7.547,49,0
6,-7,0.71,6.372,75,1
5,-2,0.2,8.892,84,0
7,-7,0.35,6.904,78,0
3,-7,0.04,7.737,39,0
9,-3,0.74,4.091,39,1
4,-8,0.04,8.853,66,0
7,-8,0.39,5.164,13,0
3,-5,0.68,8.815,44,0
4,-7,0.68,6.784,12,0
4,-2,0.81,8.905,69,1
4,-5,0.17,7.558,47,0
3,-8,0.02,5.103,25,0
5,-2,0.18,5.235,48,0
4,-5,0.67,4.255,60,1
5,-7,0.88,6.467,31,1
6,-2,0.6,4.416,59,0
7,-2,0.29,4.129,28,0
7,-8,0.17,7.872,15,0
5,-2,0.81,6.179,41,0
3,-3,0.05,4.966,50,0
9,-1,0.74,4.296,20,1
5,-3,0.56,5.83,89,0
9,-4,0.16,5.351,64,1
4,-6,0.4,4.631,30,0
5,-6,0.19,6.21,46,0
7,-6,0.06,6.223,73,0
4,-2,0.42,8.84,51,0
5,-3,0.25,7.31,63,0
5,-6,0.46,4.799,85,0
7,-7,0.38,6.4,68,0
6,-6,0.4,8.673,12,0
9,-8,0.81,4.879,15,1
8,-8,0.32,6.767,81,0
5,-3,0.35,4.718,80,0
4,-2,0.93,7.648,82,1
9,-8,1.0,4.0,65,1
9,-2,0.69,6.078,76,1
5,-2,0.44,6.647,73,0
8,-6,0.55,4.775,50,1
8,-8,0.25,8.604,40,0
4,-8,0.92,4.812,66,1
3,-7,0.94,6.735,45,1
7,-4,0.06,5.527,42,0
9,-8,0.13,8.926,16,0
6,-6,1.0,5.613,29,1
4,-2,0.49,4.407,88,0
7,-1,0.01,8.378,50,0
10,-7,0.72,4.378,82,1
3,-4,0.59,4.082,39,0
8,-4,0.82,8.673,59,1
8,-7,0.67,7.27,78,1
3,-6,0.31,6.621,64,0
9,-4,0.6,7.818,14,0
8,-7,0.1,5.01,60,0
3,-7,0.19,7.379,32,0
9,-4,0.04,7.293,63,0
5,-2,0.31,4.243,86,0
3,-8,0.87,4.279,25,0
6,-4,0.45,4.142,17,0
4,-3,0.74,6.728,18,0
9,-8,0.83,6.199,75,1
10,-3,0.13,4.938,50,1
6,-4,0.69,7.053,75,1
4,-5,0.45,6.957,16,0
6,-3,0.63,8.466,88,0
4,-8,1.0,5.727,44,1
9,-6,0.39,7.105,55,0
9,-5,0.38,8.446,13,1
5,-6,0.13,4.977,76,0
3,-3,0.47,4.907,10,0
9,-7,0.97,8.396,11,1
6,-6,0.82,5.354,79,1
6,-6,0.68,4.206,31,0
7,-7,0.41,8.095,54,0
9,-7,0.48,8.367,38,0
5,-4,0.76,5.174,62,1
10,-8,0.61,4.611,20,1
3,-6,0.9,5.806,56,1
9,-1,0.22,4.306,85,1
8,-8,0.78,8.133,33,1
9,-4,0.55,8.291,75,1
10,-5,0.26,8.456,72,1
5,-2,0.53,4.354,13,0
8,-4,0.33,8.685,29,0
10,-2,0.12,6.167,34,1
9,-1,0.12,5.651,33,1
5,-1,0.71,4.014,17,0
7,-5,0.02,6.527,85,0
5,-5,0.53,6.29,71,0
6,-4,0.96,8.487,37,1
10,-4,0.49,7.837,77,1
5,-6,0.39,5.038,72,1
5,-8,0.61,5.025,72,1
8,-2,0.07,7.541,24,0
3,-8,0.74,7.452,64,0
3,-5,0.16,6.78,23,0
4,-2,0.82,6.314,60,1
3,-8,0.65,5.526,63,0
3,-4,0.43,5.982,27,0
9,-5,0.2,5.908,47,1
9,-4,0.1,8.552,38,0
3,-8,0.81,7.636,23,0
8,-8,0.42,8.828,14,0
6,-7,0.58,7.657,50,1
5,-1,0.53,4.82,69,0
3,-5,0.67,6.461,21,0
3,-8,0.82,7.762,13,0
7,-7,0.55,7.607,20,0
9,-4,0.93,7.49,40,1
7,-5,0.1,6.833,64,0
3,-7,0.26,7.785,16,0
5,-5,0.93,5.899,44,1
9,-5,0.4,7.175,88,1
9,-2,0.88,7.356,42,1
10,-7,0.47,5.511,55,1
6,-4,0.43,8.053,15,0
5,-7,0.33,6.666,29,0
4,-4,0.79,8.144,78,1
10,-4,0.78,6.772,89,1
10,-6,0.56,5.376,86,1
4,-4,0.39,8.903,14,0
5,-4,0.76,6.485,81,1
5,-3,0.46,6.599,56,0
8,-8,0.99,8.571,57,1
3,-4,0.24,6.488,45,0
6,-2,0.07,8.201,13,0
4,-7,0.53,6.723,66,0
10,-1,0.21,6.77,24,1
7,-6,0.13,4.516,79,0
3,-1,0.74,8.278,48,0
7,-2,0.04,7.494,63,0
9,-2,0.89,5.332,88,1
6,-7,0.38,6.046,20,0
6,-8,0.11,6.923,52,0
6,-4,0.8,6.114,16,0
3,-3,0.24,5.687,81,0
10,-8,0.11,8.488,85,1
4,-8,0.05,4.606,54,0
10,-6,0.42,7.353,74,1
9,-3,0.42,8.143,89,1
3,-4,0.68,6.676,39,0
4,-2,0.31,4.638,33,0
3,-6,0.25,6.832,70,0
6,-4,0.26,4.959,69,0
10,-8,0.23,8.778,18,1
9,-8,0.7,5.229,71,1
9,-4,0.17,7.29,29,0
5,-4,0.87,4.488,68,1
4,-6,0.64,7.111,27,0
10,-3,0.18,7.78,18,1
7,-8,0.69,7.863,55,1
9,-2,0.35,4.037,39,0
5,-4,0.99,4.239,27,1
5,-1,0.57,4.388,57,0
6,-2,0.56,4.986,14,0
3,-8,0.74,4.905,50,0
4,-6,0.28,5.844,19,0
8,-7,0.38,7.42,79,0
5,-4,0.08,7.238,39,0
8,-5,0.11,7.402,24,0
5,-3,0.37,7.626,23,0
10,-3,0.21,8.33,40,0
9,-4,0.37,8.116,89,1
10,-8,0.54,6.891,21,1
5,-8,0.14,4.184,13,0
10,-3,0.8,7.274,73,1
8,-7,0.51,4.07,32,0
4,-8,0.04,4.509,20,0
3,-3,0.19,7.43,56,0
10,-8,0.24,7.726,57,1
4,-2,0.95,5.293,30,1
3,-6,0.75,4.005,53,0
10,-5,0.45,5.473,77,1
7,-2,0.12,6.649,77,0
5,-6,0.18,4.539,59,0
7,-7,0.82,8.48,51,1
6,-5,0.08,6.23,83,0
8,-4,0.89,7.062,78,1
9,-4,0.5,7.737,33,0
9,-1,0.19,5.268,22,0
7,-2,0.71,4.669,43,0
4,-4,0.87,5.36,22,0
3,-5,0.85,5.084,75,1
8,-2,0.16,7.245,41,0
9,-1,0.4,7.781,68,1
9,-7,0.79,4.513,66,1
3,-8,0.77,6.326,43,1
3,-5,0.02,5.571,67,0
5,-2,0.98,5.127,82,1
5,-7,0.88,4.775,70,1
10,-3,0.91,5.018,47,1
9,-1,0.52,5.291,34,0
9,-1,0.47,7.759,34,1
6,-5,0.43,5.125,66,1
5,-6,0.86,7.951,77,1
9,-4,0.75,7.116,76,1
5,-2,0.13,6.434,53,0
6,-6,0.5,6.227,59,0
7,-2,0.21,5.372,72,0
4,-2,0.7,6.249,85,1
5,-4,0.16,5.751,26,0
4,-3,0.4,6.656,50,0
10,-8,0.33,7.539,74,1
3,-7,0.78,5.122,61,0
3,-6,0.59,6.846,89,1
5,-6,0.94,5.609,42,1
7,-6,0.86,4.862,78,1
10,-8,0.6,7.243,58,1
6,-2,0.23,6.42,14,0
6,-8,0.19,5.36,21,0
7,-8,0.91,7.051,29,1
6,-8,0.55,7.914,13,0
7,-2,0.35,4.252,77,0
10,-6,0.98,4.452,23,1
3,-1,0.42,6.192,22,0
8,-2,0.03,5.035,43,0
3,-8,0.55,8.716,27,0
7,-7,0.58,8.875,60,1
8,-8,0.52,8.577,67,1
9,-4,0.84,4.525,28,1
8,-6,0.87,4.704,14,0
8,-8,0.25,7.981,79,1
10,-3,0.22,6.459,55,1
4,-7,0.72,6.932,81,1
10,-3,0.18,5.474,86,1
8,-3,0.2,4.973,26,0
10,-1,0.46,8.642,53,1
9,-8,0.98,4.807,22,1
7,-5,0.67,5.541,35,0
10,-2,0.85,8.112,32,1
3,-6,0.75,6.993,85,0
8,-6,0.42,6.038,14,0
6,-8,0.26,5.329,81,0
5,-7,0.25,6.254,72,0
3,-7,0.62,8.351,54,0
5,-5,0.67,4.365,59,1
8,-8,0.94,8.126,66,1
4,-3,0.23,8.248,80,0
7,-8,0.95,5.984,87,1
6,-4,0.23,8.437,35,0
8,-4,0.96,6.625,77,1
7,-8,0.85,7.828,38,1
7,-6,0.5,6.227,54,0
8,-7,0.47,8.078,10,0
3,-3,0.56,5.985,47,0
3,-6,0.3,5.723,60,0
4,-7,0.16,6.803,72,0
4,-7,0.83,8.174,77,1
8,-2,0.61,7.427,19,0
3,-5,0.55,4.501,61,1
5,-8,0.05,6.25,22,0
7,-2,0.71,6.978,64,1
8,-2,0.84,4.593,79,1
6,-8,0.79,4.733,87,1
8,-2,0.58,8.947,22,0
5,-6,0.78,4.493,14,0
4,-4,0.21,8.559,49,0
5,-4,0.1,8.662,23,0
5,-5,0.51,7.771,16,0
6,-2,0.37,6.232,88,0
9,-4,0.84,7.853,66,1
5,-1,0.12,4.626,77,0
3,-6,0.77,5.574,81,1
6,-2,0.08,4.172,10,0
5,-8,0.65,6.997,82,1
9,-4,0.69,5.309,35,1
9,-5,0.9,7.959,52,1
4,-7,0.76,7.875,39,1
4,-6,0.34,6.829,52,0
9,-4,0.9,5.113,64,1
3,-8,0.63,4.421,21,0
3,-3,0.89,5.071,52,1
3,-4,0.67,7.973,34,0
8,-4,0.27,6.929,28,0
5,-4,0.85,5.632,54,1
9,-2,0.94,6.169,68,1
3,-1,0.86,4.046,24,0
10,-2,0.33,5.512,82,1
4,-2,0.43,5.691,47,0
3,-2,0.44,7.064,15,0
3,-6,0.63,4.46,44,0
10,-8,0.36,7.474,10,0
3,-6,0.61,8.012,40,0
5,-2,0.58,4.088,46,0
7,-2,0.46,6.88,57,0
6,-2,0.4,5.018,37,0
4,-6,0.66,6.954,64,1
9,-2,0.68,7.49,30,1
6,-6,0.81,7.238,13,0
3,-3,0.63,4.182,22,0
3,-8,0.84,8.028,70,0
5,-5,0.85,7.19,88,1
8,-8,0.36,5.307,17,0
6,-2,0.07,7.181,71,0
5,-3,0.81,6.308,22,0
3,-3,0.24,5.639,31,0
9,-3,0.35,8.385,60,1
9,-4,0.62,8.26,40,1
4,-3,0.36,8.6,59,0
7,-5,0.43,6.797,67,1
8,-7,0.76,7.461,77,1
8,-8,0.01,6.143,77,0
4,-3,0.83,6.888,67,1
5,-8,0.81,5.363,71,1
5,-2,0.3,7.12,14,0
8,-8,0.73,8.826,57,1
8,-8,0.28,5.645,79,0
5,-7,0.13,6.448,39,0
3,-4,0.48,4.641,53,0
9,-1,0.29,5.374,87,1
7,-4,0.25,8.378,56,0
4,-7,0.69,7.058,30,1
8,-3,0.98,8.625,25,1
3,-4,0.77,5.308,21,1
9,-7,0.65,4.304,57,0
5,-7,0.75,8.66,28,0
6,-8,0.13,6.934,27,0
3,-2,0.35,8.883,66,0
7,-1,0.19,6.862,44,0
9,-4,0.29,8.922,67,0
4,-5,0.17,4.777,51,0
8,-7,0.93,5.854,52,1
8,-2,0.0,5.795,86,0
6,-8,0.39,8.475,61,0
3,-2,0.85,8.763,27,0
5,-8,0.06,4.047,69,0
10,-3,0.73,7.429,57,1
10,-3,0.3,7.904,64,1
4,-5,0.14,8.537,15,0
5,-7,0.85,4.378,63,1
9,-4,0.81,5.585,39,1
3,-4,0.97,4.082,17,1
5,-4,0.87,4.121,62,1
5,-4,0.57,8.14,45,0
5,-2,0.58,6.427,37,0
3,-5,0.46,6.827,72,0
8,-8,0.74,7.962,54,1
10,-8,0.12,4.837,59,1
9,-8,0.62,5.807,77,1
6,-3,0.45,7.632,63,0
5,-7,0.23,6.609,14,0
4,-2,0.35,7.704,35,0
3,-4,0.06,5.479,77,0
4,-2,0.91,4.57,66,1
6,-3,0.31,4.287,78,0
4,-2,0.36,6.427,70,0
6,-8,0.38,5.52,55,0
10,-5,0.84,5.094,29,1
9,-3,0.08,4.105,33,0
5,-1,0.72,8.449,31,0
6,-5,0.85,4.956,71,1
4,-8,0.62,8.344,81,1
4,-6,0.8,5.603,66,1
3,-3,0.78,4.803,59,0
3,-7,0.54,7.317,41,0
9,-6,0.68,7.383,71,1
6,-5,0.8,4.612,74,1
10,-4,0.79,7.349,65,1
8,-6,0.9,6.52,64,1
9,-6,0.28,8.19,41,0
5,-5,0.62,5.325,20,1
10,-2,0.53,6.913,77,1
9,-3,0.03,4.941,85,0
5,-8,0.06,6.005,73,0
5,-1,0.72,6.554,56,0
4,-8,0.85,6.669,71,1
4,-4,0.65,7.299,54,0
4,-8,0.75,5.432,20,0
10,-5,0.88,8.295,44,1
5,-4,0.35,6.181,34,0
3,-7,0.03,7.792,43,0
6,-3,0.89,7.305,84,1
3,-8,0.85,7.772,12,0
10,-7,0.42,6.211,49,1
4,-4,0.05,7.577,11,0
3,-8,0.61,5.543,13,0
4,-3,0.31,6.751,44,0
8,-4,0.0,8.482,68,0
5,-8,0.14,7.299,78,0
6,-7,0.65,7.742,44,0
5,-7,0.55,5.131,85,1
6,-6,0.33,7.497,36,0
7,-2,0.5,6.656,39,0
6,-7,0.92,7.99,85,1
8,-2,0.34,5.828,85,0
5,-3,0.72,8.786,57,1
6,-1,0.25,5.402,76,0
6,-2,0.59,4.809,65,0
3,-2,0.02,7.675,68,0
7,-1,0.26,4.174,36,0
9,-3,0.07,6.704,86,0
9,-6,0.78,5.957,83,1
3,-1,0.73,4.984,25,0
6,-7,0.77,6.201,32,1
8,-6,0.45,8.838,47,0
3,-3,0.85,7.847,60,1
6,-2,0.47,7.072,46,0
4,-4,0.36,6.803,85,1
10,-4,0.36,4.367,50,1
10,-7,0.8,5.868,46,1
4,-6,0.14,7.715,52,0
10,-2,0.12,5.969,85,1
10,-7,0.41,4.059,31,1
4,-4,0.45,7.556,49,0
9,-6,0.11,7.122,18,0
8,-3,0.96,8.529,80,1
9,-4,0.37,7.006,49,1
8,-3,0.49,6.726,55,0
10,-3,0.4,7.06,77,1
10,-6,0.21,5.221,29,1
3,-3,0.47,5.207,13,0
9,-8,0.28,7.711,57,0
8,-2,0.56,5.847,86,0
6,-6,0.59,8.515,66,1
8,-8,0.88,5.12,58,1
9,-5,0.97,7.611,31,1
4,-1,0.63,5.56,19,0
5,-7,0.43,8.843,33,0
10,-4,0.97,5.248,14,1
8,-6,0.19,4.48,44,0
6,-6,0.47,6.094,35,0
7,-3,0.33,4.598,15,0
3,-4,0.26,5.286,31,0
3,-1,0.94,7.613,16,1
4,-1,0.94,7.952,18,1
4,-3,0.41,4.578,46,0
3,-5,0.54,4.25,48,0
4,-3,0.07,6.675,82,0
4,-4,0.36,8.301,38,0
7,-2,0.85,6.2,87,1
7,-2,0.98,8.946,26,1
9,-3,0.91,4.792,80,1
8,-8,0.22,6.353,77,0
3,-6,0.44,4.665,20,0
9,-8,0.99,5.008,20,1
5,-2,0.61,5.341,61,1
4,-6,0.32,5.176,26,0
8,-6,0.38,6.41,85,0
7,-1,0.74,4.017,47,0
7,-6,0.94,6.602,19,1
6,-5,0.34,6.298,30,0
9,-3,0.96,5.818,33,1
4,-5,0.82,8.581,41,1
4,-1,0.3,8.279,54,0
9,-4,0.37,6.055,15,0
4,-2,0.24,4.944,85,0
6,-1,0.83,6.204,81,1
9,-4,0.13,7.906,39,0
7,-6,0.81,6.5,19,1
6,-7,0.96,7.379,41,1
5,-8,0.22,7.784,16,0
9,-3,0.97,4.415,34,1
5,-2,0.53,7.927,25,0
6,-5,1.0,8.2,32,1
8,-2,0.41,8.57,88,0
5,-4,0.89,4.213,30,1
4,-2,0.93,7.071,75,1
8,-2,0.8,6.077,18,1
3,-6,0.72,7.252,22,0
3,-2,0.88,7.152,24,0
8,-4,0.22,5.673,43,0
4,-6,0.97,7.383,18,1
5,-3,0.27,5.047,27,0
6,-2,0.15,4.34,55,0
5,-2,0.04,4.819,65,0
8,-2,0.03,8.535,50,0
10,-3,0.57,6.108,21,1
4,-7,0.95,4.089,87,1
4,-6,0.8,8.656,52,1
6,-3,0.78,8.586,44,0
5,-7,0.25,8.31,76,0
5,-5,0.46,8.929,10,0
8,-3,0.11,6.531,54,0
9,-2,0.67,7.444,75,1
6,-5,0.8,5.602,25,0
4,-8,0.74,4.306,88,1
4,-6,0.51,6.902,72,0
7,-3,0.74,5.86,39,1
10,-3,0.49,4.099,42,1
5,-1,0.55,7.282,44,0
7,-7,0.03,8.341,68,0
9,-2,0.89,6.195,72,1
4,-3,0.34,6.435,86,0
5,-6,0.86,5.55,68,1
9,-7,0.12,7.665,65,0
10,-5,0.65,6.048,76,1
10,-6,0.44,7.965,79,1
8,-7,0.67,5.139,86,1
3,-3,0.87,6.92,87,1
5,-6,0.86,6.137,82,1
3,-3,0.95,4.265,40,1
8,-7,0.92,7.148,76,1
8,-5,0.76,5.069,74,1
7,-7,0.32,5.064,32,0
5,-5,0.96,5.246,63,1
9,-7,0.6,6.375,45,1
9,-5,0.74,5.418,76,1
5,-2,0.9,6.41,25,1
9,-4,0.98,4.325,16,1
3,-4,0.86,4.125,51,0
6,-2,0.57,4.922,65,0
7,-8,0.84,8.468,72,1
3,-6,0.99,8.982,56,1
9,-5,0.87,4.246,62,1
4,-2,0.42,8.858,21,0
7,-3,0.61,8.777,81,1
5,-6,0.37,8.421,39,0
10,-4,0.38,8.427,26,1
3,-4,0.15,7.316,49,0
3,-4,0.21,5.072,63,0
8,-6,0.83,4.31,27,1
4,-5,0.28,6.093,81,0
9,-5,0.07,6.685,89,0
8,-7,0.73,8.772,32,1
4,-4,0.7,4.06,85,1
7,-1,0.25,5.058,54,0
7,-7,0.91,7.519,28,1
9,-5,0.95,4.27,62,1
5,-6,0.43,7.414,29,0
6,-6,0.13,4.34,64,0
3,-4,0.41,6.442,63,0
6,-8,0.51,7.899,38,0
9,-8,0.65,6.792,13,1
8,-7,0.89,6.331,13,1
8,-5,0.1,8.67,68,0
3,-7,0.46,6.165,41,0
9,-4,0.5,5.088,41,0
10,-4,0.17,5.951,64,1
10,-5,0.54,7.801,64,1
5,-3,0.22,4.982,46,0
4,-4,0.74,6.945,82,0
5,-4,0.95,6.219,31,1
10,-2,0.64,5.612,84,1
6,-3,0.93,5.542,80,1
4,-2,0.25,8.402,63,0
9,-7,0.88,8.132,43,1
7,-6,0.16,8.947,68,0
4,-6,0.53,6.472,21,0
6,-2,0.36,4.762,43,0
5,-4,0.24,7.346,29,0
5,-5,0.48,4.667,80,0
4,-1,0.97,4.246,27,1
6,-8,0.1,5.166,50,0
8,-7,0.27,8.013,83,0
8,-5,0.97,4.992,21,1
5,-6,0.68,8.42,27,0
10,-8,0.2,5.441,79,1
6,-8,0.22,6.482,25,0
8,-3,0.98,8.606,60,1
8,-2,0.88,4.37,67,1
6,-5,0.12,6.129,30,0
5,-7,0.34,7.4,64,0
5,-2,0.52,4.342,13,0
3,-8,0.24,8.317,81,0
3,-5,0.93,6.17,72,1
5,-1,0.24,7.382,80,0
3,-1,0.45,8.985,80,0
4,-8,0.91,8.812,64,1
8,-4,0.78,6.248,47,1
9,-2,0.81,6.85,65,1
7,-7,0.48,5.708,14,0
3,-8,0.62,8.324,75,0
3,-8,0.21,4.023,11,0
8,-7,0.4,5.729,33,0
3,-7,0.1,5.914,33,0
4,-4,0.44,4.432,30,0
5,-5,0.9,6.527,79,1
9,-4,0.28,5.6,84,0
10,-4,0.1,5.924,44,1
10,-4,0.51,6.231,71,1
8,-6,0.58,6.171,86,1
4,-2,0.59,5.252,57,0
8,-3,0.03,4.329,20,0
4,-4,0.5,5.33,67,0
5,-2,0.39,6.748,43,0
6,-3,0.48,5.131,48,0
3,-5,0.41,6.687,28,0
9,-1,0.4,6.297,16,0
7,-8,0.38,5.405,32,0
6,-6,0.05,7.479,79,0
5,-8,0.95,7.853,32,1
8,-8,0.28,5.891,27,0
5,-8,0.45,7.708,29,0
4,-8,0.51,6.634,58,0
3,-8,0.12,5.835,24,0
8,-7,0.24,6.816,33,0
7,-8,0.64,6.717,69,1
5,-2,0.16,4.693,63,0
3,-2,0.88,5.692,66,1
6,-3,0.04,7.586,64,0
3,-4,0.17,8.91,16,0
6,-6,0.15,5.407,37,0
4,-2,0.33,4.107,43,0
8,-6,0.66,8.883,23,0
10,-2,0.39,7.495,31,1
9,-1,0.08,7.917,55,1
5,-4,0.02,7.553,30,0
9,-7,0.18,4.311,73,1
5,-8,0.58,6.546,79,0
10,-5,0.78,8.436,37,1
9,-2,0.15,5.831,33,1
9,-5,0.84,8.974,49,1
3,-7,0.98,6.281,84,1
3,-7,0.16,6.131,27,0
7,-2,0.81,5.004,45,1
4,-2,0.58,7.98,71,0
8,-3,0.19,6.271,46,0
6,-8,0.25,7.59,32,0
8,-3,0.39,7.881,85,0
10,-5,0.05,4.127,79,1
9,-1,0.14,6.561,36,0
5,-6,0.18,4.183,47,0
4,-8,0.34,4.793,85,1
6,-4,0.4,8.176,79,0
10,-2,0.91,8.08,73,1
8,-3,0.66,8.473,18,0
8,-7,0.37,4.59,21,0
8,-4,0.69,8.936,56,1
4,-5,0.57,5.356,60,0
3,-7,0.47,6.894,24,0
3,-2,0.5,5.607,43,0
7,-7,0.84,5.887,30,1
6,-4,0.1,4.156,43,0
7,-4,0.75,8.527,25,0
6,-1,0.56,4.135,29,0
3,-2,0.68,5.439,17,0
8,-8,0.38,5.632,65,1
3,-5,0.07,8.246,87,0
8,-8,0.58,7.069,71,1
6,-4,0.12,7.629,20,0
9,-1,0.26,5.843,83,1
10,-2,0.25,8.223,30,1
5,-7,0.79,8.02,53,1
8,-2,0.06,7.807,47,0
4,-2,0.89,4.768,34,1
7,-2,0.44,7.081,46,0
10,-1,0.06,6.089,74,1
6,-5,0.74,6.287,14,0
7,-6,0.4,6.692,49,0
5,-5,0.79,5.59,40,1
8,-4,0.2,5.331,20,0
6,-6,0.55,8.077,79,1
10,-8,0.54,7.221,29,1
10,-8,0.24,4.097,30,1
10,-8,0.23,5.384,25,1
5,-2,0.17,8.89,74,0
4,-2,0.83,8.492,74,1
5,-7,0.89,6.4,41,1
9,-8,0.82,8.353,78,1
8,-7,0.41,4.796,10,0
9,-8,0.66,8.666,29,1
10,-2,0.24,6.453,58,1
4,-4,0.17,4.309,88,0
3,-2,0.25,4.072,62,0
9,-2,0.07,4.117,72,0
4,-4,0.38,4.593,27,0
7,-6,0.8,6.986,35,1
8,-3,0.95,6.323,42,1
5,-2,0.85,4.43,51,1
8,-6,0.43,4.415,67,1
7,-2,0.87,8.506,59,1
9,-8,0.65,6.476,46,1
4,-3,0.97,5.043,63,1
5,-8,0.56,4.171,23,0
10,-8,0.21,7.343,39,1
8,-4,0.37,4.847,26,0
8,-4,0.8,8.782,29,1
10,-2,0.71,6.63,32,1
4,-4,0.5,7.252,53,0
6,-8,0.12,8.847,75,0
6,-4,0.64,8.067,87,1
9,-1,0.53,6.179,73,1
8,-3,0.21,6.772,73,0
5,-8,0.93,8.733,74,1
6,-7,0.75,6.478,80,1
9,-8,0.47,7.617,49,0
3,-4,0.21,5.793,77,0
10,-2,0.53,6.608,36,1
10,-2,0.5,6.863,87,1
5,-7,0.72,5.714,56,1
8,-4,0.34,4.917,55,0
3,-3,0.61,7.474,75,1
5,-8,0.1,7.939,74,0
4,-5,0.45,8.944,55,0
8,-2,0.25,8.891,74,0
9,-4,0.8,4.368,59,1
6,-7,0.92,7.92,65,1
10,-6,0.76,8.627,31,1
5,-5,0.81,5.489,21,0
9,-7,0.08,6.15,51,1
5,-7,0.8,5.201,21,0
3,-7,0.18,4.345,62,0
4,-5,0.15,5.489,79,0
4,-2,0.56,5.922,26,0
8,-7,0.01,7.392,65,0
8,-7,0.12,6.359,11,0
6,-7,0.47,5.439,11,0
10,-8,0.97,8.693,50,1
4,-5,0.58,4.393,32,0
8,-6,0.88,5.242,35,1
7,-3,0.31,4.188,89,0
9,-7,0.11,4.635,84,1
8,-7,0.61,6.987,85,1
4,-5,0.9,8.93,60,1
9,-2,0.46,4.472,72,1
3,-3,0.09,7.654,19,0
3,-5,0.92,5.281,34,1
3,-3,0.75,4.259,38,0
4,-6,0.24,8.689,11,0
10,-6,0.83,4.62,70,1
8,-8,0.69,5.679,12,0
6,-6,0.96,8.593,15,1
6,-8,0.77,7.107,82,1
7,-8,0.03,4.199,63,0
7,-7,0.33,4.912,44,0
5,-7,0.31,4.72,29,0
8,-2,0.85,8.135,21,1
10,-6,0.91,6.125,48,1
10,-7,0.81,7.304,69,1
9,-6,0.15,8.273,43,0
10,-2,0.3,7.691,29,1
9,-2,0.27,5.566,72,0
5,-2,0.03,8.318,81,0
6,-8,0.08,8.709,27,0
5,-4,0.76,6.413,46,0
5,-1,0.66,4.489,22,0
3,-2,0.81,4.571,15,0
8,-6,0.65,5.357,32,0
5,-5,0.89,8.58,48,1
6,-4,0.98,8.165,89,1
9,-6,0.6,6.757,75,1
6,-3,0.69,8.757,80,1
8,-5,0.39,7.915,18,0
10,-5,0.13,8.548,34,0
9,-5,0.19,4.464,18,0
5,-7,0.91,5.229,82,1
6,-4,0.01,5.093,25,0
8,-7,0.93,5.106,48,1
5,-4,0.0,4.898,67,0
7,-5,0.44,7.538,35,0
6,-4,0.72,7.49,53,1
4,-3,0.35,6.291,82,0
7,-8,0.82,8.798,23,1
6,-3,0.53,8.826,54,0
6,-8,0.79,6.809,11,0
7,-6,0.56,6.908,33,0
4,-4,0.31,7.027,17,0
9,-6,0.32,4.17,23,0
4,-6,0.86,5.975,39,1
7,-4,0.36,8.737,69,0
6,-2,0.3,7.133,19,0
10,-6,0.25,6.712,16,0
4,-1,0.37,4.255,82,0
4,-5,0.87,7.109,70,1
3,-3,0.59,4.934,31,0
10,-7,0.33,5.465,65,1
8,-2,0.77,8.946,79,1
9,-4,0.62,5.534,77,1
4,-8,0.66,6.299,57,1
8,-3,0.57,4.427,40,1
5,-6,0.96,5.851,21,1
4,-2,0.27,8.121,20,0
7,-3,0.02,4.219,46,0
9,-3,0.53,7.447,25,1
4,-8,0.14,8.518,54,0
7,-8,0.34,6.986,84,0
7,-8,0.43,4.067,49,1
8,-3,0.3,7.238,54,0
9,-7,0.73,4.046,70,1
3,-5,0.18,6.237,69,0
5,-2,0.78,4.089,22,1
8,-1,0.89,8.789,60,1
5,-6,0.2,5.707,50,0
7,-6,0.9,8.978,41,1
3,-4,0.74,8.144,22,0
8,-7,0.73,4.875,43,0
7,-8,0.25,7.273,10,0
5,-7,0.68,6.617,33,0
3,-4,0.83,4.812,11,0
8,-3,0.67,4.509,70,1
9,-6,0.32,8.717,66,1
8,-2,0.65,7.99,25,0
6,-3,0.3,7.652,57,0
9,-6,0.74,6.599,73,1
8,-4,0.28,8.442,61,0
4,-5,0.43,6.761,76,0
10,-5,0.24,5.094,54,1
10,-8,0.82,4.655,42,1
8,-7,0.58,7.487,40,0
4,-5,0.49,5.596,47,0
4,-6,0.59,6.454,82,0
10,-4,0.45,8.427,53,1
8,-8,0.43,6.547,28,0
6,-2,0.67,8.602,36,0
8,-8,0.48,5.082,40,0
6,-3,0.29,4.042,15,0
6,-2,0.06,8.172,42,0
10,-3,0.41,5.147,12,0
9,-3,0.22,5.831,65,1
6,-2,0.54,6.061,80,0
10,-7,0.5,4.228,51,1
3,-3,0.9,8.951,62,1
10,-8,0.98,8.273,60,1
4,-5,0.08,8.248,22,0
4,-7,0.6,6.162,77,1
10,-6,0.22,5.389,38,1
9,-7,0.42,6.352,72,1
10,-5,0.11,5.699,37,1
9,-5,0.72,7.054,77,1
8,-2,0.99,7.591,56,1
8,-7,0.26,7.959,88,0
6,-7,0.6,6.853,65,1
7,-7,0.62,6.16,37,0
8,-1,0.13,7.427,34,0
7,-7,0.63,7.507,36,1
5,-8,0.3,6.404,82,1
3,-3,0.09,4.972,20,0
6,-7,0.94,5.306,12,0
3,-5,0.75,4.386,64,0
8,-3,0.85,4.447,37,1
3,-6,0.73,4.287,62,0
10,-2,0.18,4.864,50,1
5,-3,0.67,5.385,17,0
10,-2,0.7,8.897,24,1
10,-5,0.69,5.812,53,1
10,-1,0.99,8.33,80,1
9,-3,0.08,4.754,56,0
4,-3,0.7,5.531,57,1
9,-8,0.55,7.064,60,1
5,-2,0.33,6.623,67,0
4,-1,0.82,6.959,79,1
10,-7,0.09,7.998,62,1
6,-3,0.09,6.426,29,0
9,-4,0.23,7.004,17,0
9,-5,0.56,6.524,86,1
4,-2,0.81,6.339,75,1
6,-6,0.3,6.556,29,0
7,-8,0.05,6.57,49,0
9,-7,0.56,6.824,61,1
7,-3,0.17,7.519,51,0
10,-8,0.53,7.947,17,1
6,-5,0.06,8.636,49,0
8,-1,0.85,5.586,11,1
6,-8,0.13,4.882,58,0
3,-8,0.78,5.05,24,0
4,-2,0.43,5.195,41,0
6,-4,0.28,8.461,55,0
9,-8,0.24,6.452,57,1
5,-8,0.37,8.898,53,0
10,-6,0.9,4.117,74,1
4,-6,0.38,8.1,87,0
7,-2,0.43,4.595,56,0
7,-6,0.84,7.28,44,1
8,-5,0.89,5.519,37,1
10,-5,0.01,7.642,51,1
8,-5,0.45,8.549,78,0
9,-5,0.23,6.701,76,1
9,-3,0.78,4.345,77,1
3,-4,0.26,7.16,36,0
9,-3,0.3,7.25,40,0
7,-4,0.82,5.79,52,1
6,-3,0.91,6.625,45,1
4,-7,0.39,4.717,36,0
6,-8,0.34,7.91,56,0
5,-8,0.8,7.32,60,1
7,-8,0.38,6.32,73,0
9,-5,0.33,7.543,65,0
3,-5,0.02,5.24,30,0
6,-3,0.26,5.95,34,0
10,-4,0.01,8.914,60,1
5,-2,0.89,5.612,66,1
4,-3,0.44,4.965,79,0
8,-7,0.46,5.759,84,1
3,-5,0.8,5.222,74,1
10,-7,0.54,8.082,29,1
8,-3,0.55,7.751,67,0
6,-4,0.79,7.272,50,0
8,-8,0.75,8.045,75,1
6,-2,0.45,5.622,13,0
6,-6,0.68,8.763,50,1
4,-2,0.04,4.448,64,0
3,-8,0.25,5.075,44,0
4,-4,0.8,8.98,51,1
7,-8,0.88,6.054,66,1
9,-5,0.76,4.667,56,1
4,-3,0.77,5.344,89,1
3,-6,0.71,5.906,67,1
7,-5,0.58,7.62,42,0
10,-5,0.42,8.781,20,1
8,-6,0.06,8.034,25,0
6,-4,0.73,7.523,17,1
10,-7,0.59,8.018,41,1
10,-6,0.69,7.746,38,1
10,-2,0.12,4.983,19,1
5,-6,0.12,7.199,78,0
6,-5,0.5,6.362,36,0
5,-2,0.26,8.895,79,0
5,-8,0.28,7.486,14,0
10,-5,0.48,7.481,36,1
8,-8,0.9,4.88,80,1
9,-5,0.9,8.291,54,1
7,-6,0.63,4.377,59,1
10,-4,0.0,7.689,39,0
9,-5,0.12,8.442,26,0
4,-6,0.5,8.31,37,0
7,-1,0.07,4.48,57,0
6,-2,0.04,8.639,65,0
7,-8,0.93,7.691,43,1
4,-3,0.56,4.746,61,0
9,-6,0.13,6.551,12,0
3,-2,0.87,7.926,83,1
8,-5,0.1,7.73,66,0
6,-1,0.27,6.177,80,0
3,-7,0.35,5.782,27,0
4,-6,0.52,4.333,89,0
7,-1,0.97,6.384,21,1
10,-5,0.42,5.41,33,1
9,-5,0.8,4.573,52,1
10,-3,0.59,8.866,10,1
4,-5,0.8,8.279,44,1
5,-5,0.93,7.468,30,1
8,-5,0.84,6.5,69,1
5,-8,0.61,5.204,45,1
10,-4,0.78,4.209,59,1
8,-8,0.81,7.809,87,1
3,-3,0.78,6.296,41,0
10,-1,0.84,4.247,31,1
7,-6,0.59,8.43,82,1
4,-2,0.85,8.055,52,1
7,-6,0.49,8.241,63,0
6,-5,0.02,7.7,80,0
6,-5,0.39,5.33,24,0
7,-2,0.46,4.827,33,0
4,-3,0.65,4.124,33,0
4,-3,0.14,6.579,58,0
6,-4,0.47,8.909,19,0
5,-2,0.33,5.492,52,0
9,-4,0.23,4.17,85,1
5,-8,0.04,5.939,54,0
10,-3,0.7,5.005,61,1
9,-6,0.76,4.029,44,1
10,-6,0.2,4.91,65,1
5,-1,0.94,6.593,73,1
3,-8,0.98,8.484,58,1
5,-7,0.92,5.288,21,1
7,-4,0.82,5.151,43,1
3,-5,0.7,6.466,22,0
8,-2,0.5,4.659,86,1
5,-2,0.34,6.825,76,0
9,-7,0.04,8.269,83,0
3,-7,0.14,7.939,33,0
8,-5,0.23,6.91,45,0
9,-4,0.56,4.037,89,1
10,-6,0.82,8.333,65,1
10,-2,0.19,4.114,72,1
8,-1,0.94,7.099,54,1
9,-2,0.1,7.897,85,0
4,-3,0.74,7.692,45,1
10,-3,0.22,7.497,72,1
4,-5,0.36,5.954,22,0
9,-6,0.04,5.209,52,1
6,-2,0.34,5.691,76,0
8,-5,0.9,8.783,50,1
8,-8,0.78,8.859,22,1
4,-2,0.22,6.76,57,0
8,-2,0.5,4.357,37,0
6,-7,0.69,7.267,79,1
4,-3,0.6,4.505,55,0
5,-3,0.27,7.362,88,0
9,-7,0.49,5.491,30,1
7,-7,0.98,6.62,26,1
7,-6,0.86,6.933,86,1
7,-2,0.49,7.583,27,0
8,-6,0.24,8.809,61,0
5,-1,0.8,6.927,29,1
4,-5,0.53,5.043,23,0
7,-2,0.27,8.626,67,0
6,-8,0.3,8.15,74,0
10,-3,0.34,4.701,89,1
3,-6,0.63,7.003,63,0
3,-4,0.97,7.64,84,1
6,-4,0.3,4.919,19,0
4,-6,0.77,6.504,48,1
6,-6,0.72,6.627,82,1
8,-5,0.6,7.557,57,0
8,-5,0.65,6.304,53,1
4,-7,0.73,8.344,64,1
8,-8,0.92,4.2,86,1
9,-2,0.39,7.034,84,1
8,-7,0.7,6.5,40,1
6,-5,0.5,8.146,72,0
5,-2,0.26,6.334,16,0
5,-2,0.28,8.172,15,0
5,-4,0.86,6.236,44,1
5,-3,0.45,7.393,19,0
9,-5,0.12,6.449,37,0
6,-5,0.32,7.057,64,0
8,-7,0.99,7.632,18,1
4,-3,0.21,6.177,48,0
6,-8,0.35,7.023,88,0
6,-1,0.53,5.122,61,0
10,-3,0.29,4.127,19,1
8,-4,0.4,5.104,59,0
9,-4,0.35,7.899,51,1
9,-4,0.93,6.647,57,1
6,-8,0.36,6.852,84,0
10,-3,0.17,5.42,62,1
10,-7,0.78,6.36,27,1
10,-7,0.11,4.998,61,1
3,-2,0.2,4.309,80,0
9,-6,0.78,4.647,85,1
4,-5,0.49,8.836,42,0
5,-7,0.21,6.635,28,0
7,-7,0.67,7.221,83,1
8,-6,0.38,5.752,31,0
10,-8,0.99,8.224,25,1
6,-3,0.31,8.97,66,0
4,-2,0.42,4.747,24,0
7,-4,0.11,5.76,30,0
9,-7,0.66,6.98,86,1
5,-2,0.02,6.887,69,0
4,-3,0.16,8.05,66,0
9,-4,0.54,6.391,54,1
8,-3,0.06,8.116,48,0
4,-6,0.38,6.566,24,0
9,-6,0.34,4.35,73,0
9,-7,0.79,4.962,62,1
6,-5,0.5,8.996,16,0
8,-7,0.23,6.252,81,0
5,-8,0.38,7.853,82,0
10,-8,0.33,5.322,17,1
4,-8,0.53,7.402,32,0
10,-4,0.09,6.222,86,1
6,-7,0.94,5.211,63,1
6,-5,0.43,6.279,31,0
6,-8,0.41,7.631,55,0
9,-7,0.07,7.325,62,0
10,-2,0.4,8.936,36,1
7,-5,0.42,7.209,33,0
5,-5,0.08,8.515,79,0
4,-6,0.26,7.32,57,0
5,-7,0.95,5.904,26,1
9,-5,0.68,6.007,80,1
7,-3,0.59,7.153,69,1
8,-8,0.18,8.695,53,0
8,-1,0.64,7.887,65,0
6,-7,0.53,7.824,52,0
9,-5,0.27,8.099,39,1
6,-4,0.84,8.452,26,0
6,-2,0.68,7.562,75,1
7,-1,0.06,7.35,39,0
7,-2,0.17,7.706,83,0
8,-8,0.37,5.402,11,0
10,-3,0.34,7.295,65,1
6,-2,0.58,7.204,12,0
6,-6,0.14,4.148,11,0
8,-8,0.26,6.665,21,0
10,-2,0.91,8.943,75,1
5,-3,0.84,7.965,49,1
8,-4,0.85,4.633,32,1
8,-2,0.17,4.445,39,0
8,-4,0.68,6.306,63,1
4,-2,0.91,5.268,36,1
10,-2,0.77,7.039,74,1
10,-3,0.09,4.581,88,1
5,-7,0.21,5.175,16,0
5,-1,0.1,8.63,69,0
10,-8,0.96,7.094,74,1
5,-5,0.09,7.281,84,0
10,-4,0.43,5.715,25,1
10,-4,0.35,5.128,83,1
4,-6,0.85,7.712,55,1
3,-7,0.34,8.172,27,0
9,-5,0.01,5.373,44,1
10,-7,0.62,8.957,78,1
6,-2,0.49,5.787,62,0
3,-6,0.81,7.67,85,1
9,-6,0.76,5.704,65,1
3,-5,0.03,7.258,55,0
9,-3,0.4,6.155,35,1
5,-1,0.9,6.336,15,1
4,-4,0.95,5.554,54,1
10,-3,0.55,7.342,10,1
5,-5,0.97,7.87,88,1
10,-2,0.94,5.712,86,1
4,-4,0.7,4.347,78,1
7,-2,0.26,7.285,42,0
4,-8,0.54,5.695,66,0
3,-6,0.24,4.743,28,0
8,-6,0.45,8.552,19,0
9,-2,0.38,6.7,23,1
8,-7,0.1,6.474,24,0
4,-6,0.12,8.969,53,0
10,-2,0.32,7.684,55,1
9,-5,0.38,6.754,72,1
3,-8,0.77,7.62,62,1
6,-4,0.39,8.039,80,0
6,-6,0.11,8.919,23,0
6,-3,0.99,5.536,20,1
8,-5,0.94,8.855,15,1
3,-4,0.15,6.599,33,0
9,-5,0.92,5.153,14,1
7,-2,0.06,4.235,24,0
5,-5,0.19,5.902,76,0
6,-8,0.93,6.894,50,1
3,-5,0.42,5.546,61,0
9,-6,0.12,6.617,21,0
6,-8,0.6,6.357,61,1
10,-2,0.16,4.978,29,1
6,-5,0.36,7.705,19,0
7,-8,0.1,5.436,13,0
6,-6,0.03,6.732,39,0
9,-8,0.46,6.711,67,0
9,-7,0.52,8.967,63,1
8,-6,0.5,5.062,43,0
4,-8,0.48,7.25,27,0
9,-6,0.2,4.075,24,0
6,-5,0.11,7.594,82,0
5,-2,0.76,5.288,53,0
9,-6,0.7,8.235,43,1
5,-7,0.3,4.071,50,1
9,-2,0.05,8.03,89,0
5,-4,0.21,4.158,85,0
7,-3,0.01,4.311,59,0
7,-5,0.21,5.13,68,0
9,-6,0.44,5.134,37,1
4,-5,0.97,4.16,24,1
3,-8,0.79,5.888,57,0
7,-2,0.86,8.139,76,1
7,-3,0.76,4.367,32,0
3,-7,0.18,5.157,19,0
8,-7,0.62,8.871,35,0
9,-6,0.88,5.674,41,1
3,-6,0.02,5.371,15,0
7,-3,0.16,8.346,89,0
10,-2,0.14,4.228,75,1
4,-1,0.99,7.703,15,1
5,-1,0.86,7.456,80,1
6,-2,0.46,5.369,84,0
6,-6,0.22,8.428,53,0
8,-6,0.88,7.543,67,1
3,-3,0.95,5.521,45,1
10,-8,0.27,6.05,81,1
8,-2,0.15,6.223,49,0
5,-3,0.76,6.651,84,1
8,-3,0.84,4.989,79,1
3,-2,0.95,8.512,14,1
4,-2,0.82,8.891,45,1
3,-6,0.24,6.102,52,0
3,-8,0.61,6.982,46,0
4,-7,0.16,7.738,59,0
10,-4,0.96,7.62,30,1
6,-7,0.92,6.463,31,1
3,-2,0.29,5.519,27,0
4,-5,0.13,7.61,53,0
9,-2,0.63,5.336,21,0
8,-6,0.07,7.46,49,0
7,-6,0.12,5.838,72,0
3,-2,0.51,5.497,64,0
7,-5,0.03,8.191,62,0
9,-7,0.13,4.614,63,0
8,-2,0.58,8.403,46,0
5,-4,0.82,8.749,89,1
8,-4,0.64,7.577,61,1
5,-6,0.03,5.64,53,0
10,-8,0.86,5.178,78,1
6,-7,0.31,8.414,40,0
9,-4,0.8,8.356,12,1
3,-7,0.84,6.983,87,1
5,-1,0.7,7.684,37,0
5,-5,0.05,8.667,12,0
8,-2,0.83,8.801,50,1
8,-6,0.8,6.778,37,1
8,-3,0.84,7.775,15,0
9,-3,0.73,5.692,31,1
7,-6,0.89,7.028,36,1
10,-2,0.37,7.746,74,1
9,-3,0.35,7.274,85,1
10,-2,0.82,5.706,60,1
10,-3,0.69,8.213,75,1
8,-5,0.45,8.561,73,0
5,-6,0.87,5.261,45,1
5,-3,0.55,8.727,75,0
8,-4,0.5,8.65,82,1
8,-8,0.83,8.756,74,1
6,-8,0.8,4.605,62,1
5,-4,0.73,4.134,11,0
7,-2,0.94,4.991,12,1
10,-4,0.27,6.546,46,1
9,-2,0.22,5.936,83,0
4,-1,0.52,5.194,51,0
5,-4,0.19,4.073,20,0
8,-4,0.71,7.792,26,1
4,-8,0.3,5.99,17,0
3,-6,0.42,6.948,36,0
8,-3,0.82,6.621,65,1
8,-5,0.67,8.881,27,1
4,-5,0.64,5.404,51,0
8,-6,0.17,7.38,46,0
7,-8,0.22,7.498,88,1
8,-5,0.17,8.495,31,0
9,-6,0.58,4.971,25,1
5,-2,0.25,6.026,77,0
5,-2,0.94,6.682,89,1
4,-7,0.39,7.414,10,0
8,-2,0.05,6.248,48,0
4,-2,0.75,6.565,18,0
7,-3,0.86,7.293,20,1
4,-3,0.48,5.174,18,0
3,-5,0.59,5.659,12,0
7,-6,0.02,7.826,61,0
6,-4,0.83,7.854,31,1
6,-7,0.33,5.735,22,0
6,-3,0.4,6.081,35,0
9,-7,0.55,5.467,66,0
3,-4,0.5,6.321,44,0
9,-3,0.54,8.058,46,1
8,-7,0.35,6.509,51,0
5,-5,0.57,5.138,17,0
8,-4,1.0,4.373,41,1
8,-7,0.96,4.242,31,1
5,-6,0.65,7.471,44,1
10,-4,0.21,5.221,61,1
9,-6,0.45,7.917,75,0
10,-8,0.92,6.893,20,1
4,-1,0.81,4.044,73,1
3,-1,0.44,7.064,30,0
4,-6,0.12,7.516,64,0
6,-4,0.95,8.243,28,1
8,-5,0.17,5.096,43,0
3,-4,0.88,5.899,37,1
3,-8,0.1,8.533,83,0
8,-1,0.59,6.85,78,0
4,-7,0.16,7.721,24,0
6,-5,0.36,5.86,43,0
7,-2,0.5,7.84,25,0
9,-8,0.34,5.693,14,0
6,-1,0.4,7.432,77,0
3,-5,0.83,5.282,43,1
7,-3,0.05,5.204,18,0
10,-7,0.57,8.251,73,1
7,-8,0.01,5.375,49,0
4,-4,0.79,8.768,83,1
5,-8,0.83,8.378,63,1
6,-8,0.38,4.853,46,0
4,-5,0.1,6.461,27,0
4,-8,0.45,6.716,12,0
4,-5,0.57,6.185,53,0
3,-8,0.74,6.278,63,0
6,-6,0.05,8.532,35,0
7,-2,0.32,5.041,80,0
4,-8,0.78,6.215,19,1
6,-6,0.23,7.754,38,0
6,-8,0.36,7.011,53,0
3,-5,0.2,8.042,55,0
6,-6,0.12,8.225,13,0
4,-7,0.42,5.417,70,0
3,-8,0.69,8.976,57,0
3,-4,0.03,4.879,86,0
5,-5,0.36,5.303,28,0
10,-1,0.25,5.556,65,1
4,-4,0.19,7.353,38,0
10,-6,0.25,7.443,55,1
4,-2,0.43,5.745,66,0
10,-6,0.45,7.997,79,1
9,-3,0.89,4.141,80,1
4,-4,0.97,5.64,50,1
3,-3,0.66,5.238,68,0
6,-7,0.66,7.214,48,1
7,-2,0.35,7.608,56,0
10,-8,0.05,6.348,26,1
6,-8,0.29,5.074,83,0
8,-4,0.16,7.482,18,0
6,-6,0.26,6.168,22,0
4,-8,0.91,5.059,15,1
10,-3,0.08,7.395,56,1
6,-1,0.44,6.12,63,0
3,-2,0.84,5.562,22,0
8,-3,0.09,7.97,76,0
3,-5,0.36,7.969,42,0
4,-3,0.18,7.213,38,0
3,-5,0.08,6.177,83,0
8,-7,0.41,4.347,45,0
10,-1,0.51,8.11,33,1
3,-7,0.23,8.765,77,0
9,-7,0.09,5.753,34,1
3,-8,0.86,7.29,71,1
3,-6,0.32,7.058,35,0
3,-7,0.82,6.39,76,1
5,-7,0.42,8.543,56,0
6,-6,0.33,5.435,67,1
5,-5,0.21,8.692,89,0
6,-8,0.67,7.341,39,0
10,-1,0.94,6.235,47,1
8,-3,0.17,8.187,11,0
9,-1,0.3,5.519,76,1
3,-7,0.08,4.359,45,0
7,-4,0.7,7.465,28,1
4,-4,0.53,7.396,77,0
8,-6,0.16,4.598,68,0
6,-5,0.96,6.854,42,1
8,-5,0.51,5.674,26,0
4,-8,0.32,6.187,60,0
6,-7,0.68,5.807,74,1
9,-7,0.07,8.054,26,0
5,-3,0.83,5.602,87,1
4,-5,0.99,6.782,63,1
3,-6,0.72,4.101,13,0
5,-5,0.53,6.461,50,0
5,-3,0.64,4.807,52,0
10,-4,0.78,4.604,81,1
8,-7,0.65,7.922,53,1
5,-3,0.26,8.128,22,0
3,-1,0.87,7.751,29,1
3,-2,0.97,8.914,51,1
9,-8,0.94,4.798,12,1
5,-2,0.76,8.342,14,0
6,-5,0.61,8.843,77,1
9,-3,0.3,5.005,41,0
3,-6,0.21,5.429,77,0
9,-7,0.81,6.145,64,1
7,-3,0.1,8.378,29,0
4,-4,0.14,5.387,39,0
3,-4,0.19,8.901,86,0
10,-6,0.25,6.411,19,1
4,-5,0.25,8.011,20,0
7,-1,0.66,7.652,73,0
6,-3,0.24,8.358,45,0
8,-8,0.17,4.781,24,0
4,-7,0.73,6.489,15,0
9,-7,0.45,8.583,15,0
3,-5,0.96,4.153,13,1
3,-5,0.1,5.681,88,0
9,-3,0.33,4.137,30,0
10,-3,0.4,7.092,42,1
7,-6,0.13,7.161,62,0
10,-6,0.27,6.611,37,1
7,-4,0.81,8.693,84,1
5,-1,0.64,6.618,76,0
5,-4,0.01,6.93,70,0
4,-8,0.73,8.675,33,0
10,-4,0.26,4.214,30,1
4,-4,0.19,4.753,10,0
8,-2,0.99,7.612,72,1
7,-2,0.17,6.891,80,0
8,-5,0.65,5.113,73,1
4,-8,0.6,7.466,21,0
6,-6,0.05,4.811,25,0
6,-2,0.33,8.299,79,0
3,-6,0.59,5.63,84,1
5,-1,0.33,4.687,22,0
6,-3,0.6,7.686,88,0
9,-5,0.31,5.151,49,1
4,-4,0.05,8.057,56,0
7,-2,0.1,5.478,20,0
8,-7,0.5,5.828,77,1
6,-4,0.74,4.401,88,1
8,-6,0.65,6.997,64,1
10,-4,0.11,4.483,21,1
7,-7,0.51,7.502,39,0
7,-2,0.53,8.751,13,0
8,-8,0.48,7.361,82,1
10,-6,0.1,7.562,68,1
5,-7,0.73,4.671,35,1
4,-8,0.45,7.084,88,0
6,-8,0.54,5.172,35,0
3,-4,0.19,5.454,54,0
9,-8,0.93,6.5,68,1
5,-6,0.06,7.902,30,0
7,-5,0.38,4.893,32,0
9,-6,0.83,6.158,62,1
6,-2,0.19,5.474,70,0
4,-4,0.73,6.734,79,1
9,-6,0.86,7.179,30,1
9,-4,0.56,5.771,70,0
10,-4,0.71,7.101,41,1
5,-8,0.86,8.032,81,1
7,-5,0.07,5.211,85,0
3,-2,0.78,7.867,68,1
7,-8,0.76,4.972,23,0
6,-7,0.44,4.745,71,1
9,-5,0.64,7.609,22,1
5,-2,0.69,5.961,81,0
5,-4,0.24,6.714,14,0
6,-5,0.22,7.814,31,0
8,-7,0.74,6.147,22,1
4,-8,0.47,6.754,41,0
5,-5,0.82,6.816,51,1
3,-3,0.62,7.489,35,0
5,-4,0.87,7.035,13,1
6,-8,0.8,4.761,26,0
7,-8,0.89,8.327,63,1
5,-7,0.86,6.826,23,1
9,-5,0.28,7.244,46,0
3,-7,0.88,7.93,60,1
6,-5,0.39,6.681,53,0
9,-7,0.39,7.32,30,0
3,-7,0.66,5.978,69,0
5,-3,0.48,7.283,45,0
7,-3,0.54,6.527,52,0
5,-8,0.74,5.313,46,1
7,-7,0.52,4.663,12,0
9,-3,0.4,8.609,20,1
8,-6,0.79,6.243,37,1
7,-5,0.72,7.126,18,0
7,-4,0.28,5.415,30,0
6,-3,0.9,5.004,39,1
7,-7,0.19,8.068,57,0
7,-5,0.44,4.622,65,1
9,-3,0.82,4.449,47,1
5,-3,0.76,6.874,47,0
9,-8,0.2,6.627,10,0
3,-3,0.73,8.96,46,0
5,-4,0.62,8.204,61,1
8,-2,0.65,4.202,75,1
6,-3,0.68,6.28,56,0
7,-7,0.86,5.628,88,1
5,-8,0.24,6.23,83,0
5,-8,0.34,8.504,86,0
9,-7,0.29,7.359,69,0
10,-5,0.7,6.966,13,1
7,-6,0.77,8.179,30,1
9,-4,0.17,5.747,61,1
5,-7,0.6,8.612,72,0
6,-2,0.07,6.867,47,0
6,-8,0.22,8.779,23,0
5,-2,0.81,5.118,80,1
10,-6,0.56,7.71,13,1
6,-4,0.18,7.179,85,0
8,-5,0.04,7.615,16,0
10,-2,0.21,8.884,34,0
5,-7,0.9,7.735,66,1
4,-3,0.54,4.939,55,0
10,-8,0.01,4.999,61,1
10,-7,0.3,6.459,56,1
5,-6,0.76,4.297,72,1
6,-2,0.34,6.376,65,0
10,-7,0.07,8.427,83,1
8,-7,0.36,5.26,47,0
6,-7,0.78,5.371,25,1
6,-6,0.62,5.777,73,1
5,-7,0.42,5.193,67,0
6,-7,0.0,5.026,15,0
7,-2,0.34,4.168,54,0
7,-3,0.67,5.123,30,1
4,-2,0.98,4.429,87,1
7,-5,0.04,8.743,72,0
6,-7,0.86,4.286,59,1
8,-6,0.68,6.812,60,1
10,-1,0.58,8.825,61,1
5,-6,0.96,4.881,28,1
8,-6,0.37,6.327,37,0
3,-8,0.95,6.422,14,1
3,-6,0.86,8.802,56,0
5,-1,0.89,7.709,84,1
4,-3,0.75,4.42,16,0
5,-2,0.87,7.693,19,1
7,-6,0.86,4.871,63,1
10,-7,0.05,4.174,52,1
5,-8,0.95,5.429,27,1
9,-4,0.1,4.86,17,0
10,-2,0.54,8.091,53,1
9,-4,0.44,8.249,84,1
5,-8,0.62,7.528,71,1
6,-7,0.95,4.008,66,1
3,-3,0.55,6.165,76,1
7,-6,0.97,4.243,49,1
3,-5,0.46,8.224,26,0
3,-6,0.04,8.532,45,0
4,-1,0.79,6.212,30,0
3,-7,0.14,5.574,27,0
8,-3,0.52,8.574,15,0
7,-4,0.61,8.515,33,0
5,-3,0.95,8.233,22,1
5,-6,0.59,8.722,64,1
4,-2,0.05,6.924,78,0
8,-2,0.79,7.509,61,1
5,-7,0.9,7.781,17,1
5,-5,0.59,4.571,26,0
6,-3,0.66,5.877,40,1
9,-8,0.01,4.782,72,0
3,-7,0.08,5.139,64,0
3,-7,0.05,8.593,51,0
4,-2,0.09,7.232,16,0
3,-6,0.68,7.175,58,0
7,-2,0.51,4.268,54,0
9,-2,0.26,8.129,75,1
6,-8,0.09,8.605,13,0
9,-6,0.62,5.219,87,1
10,-8,0.57,7.516,17,1
9,-7,0.82,8.524,55,1
9,-5,0.41,8.245,15,0
6,-8,0.04,7.668,84,0
7,-5,0.4,4.154,67,0
5,-3,0.55,4.273,20,0
6,-4,0.3,8.08,54,0
5,-2,0.38,8.434,15,0
6,-7,0.66,8.037,63,1
10,-2,0.71,6.473,28,1
9,-4,1.0,6.41,65,1
7,-6,0.5,5.153,11,0
4,-2,0.55,4.114,85,0
9,-8,0.43,6.159,36,0
3,-5,0.2,5.412,46,0
7,-4,0.15,4.649,86,0
9,-7,0.11,8.658,67,0
6,-2,0.07,8.165,77,0
10,-8,0.66,8.319,11,1
6,-8,0.5,8.132,16,0
4,-6,0.21,7.337,47,0
6,-7,0.13,6.539,79,0
3,-4,0.72,4.018,36,0
7,-2,0.34,5.535,86,0
10,-7,0.42,7.428,25,1
10,-8,0.67,6.989,52,1
9,-8,0.32,5.223,33,0
8,-7,0.48,4.659,37,0
3,-7,0.78,7.749,86,0
5,-1,0.17,4.137,40,0
5,-7,0.65,4.521,85,1
4,-5,0.38,6.729,76,0
5,-6,0.94,5.424,55,1
9,-8,0.18,6.034,59,1
3,-8,0.27,5.773,57,0
3,-4,0.88,4.252,14,0
9,-2,0.45,5.781,51,0
8,-1,0.25,6.83,49,0
3,-6,0.34,4.876,83,0
3,-4,0.44,8.548,72,0
3,-6,0.09,6.516,72,0
7,-3,0.25,8.506,38,0
8,-3,0.94,5.686,68,1
4,-5,0.21,4.097,17,0
4,-7,0.64,8.624,17,0
3,-6,0.91,5.103,87,1
5,-2,0.75,7.493,31,0
5,-7,0.42,8.641,80,0
9,-8,0.09,6.32,71,1
5,-2,0.65,4.267,40,0
4,-2,0.19,6.163,76,0
9,-7,0.25,5.793,47,1
4,-8,0.24,7.184,51,0
7,-5,0.31,4.347,31,0
10,-2,0.91,5.166,25,1
7,-5,0.2,4.885,51,0
7,-5,0.96,4.794,19,1
7,-2,0.97,5.594,63,1
9,-6,0.8,7.901,38,1
7,-3,0.5,7.703,82,1
5,-7,0.49,5.729,83,1
3,-8,0.6,6.716,49,0
6,-3,0.69,4.499,65,1
10,-8,0.85,5.257,23,1
4,-6,0.79,7.843,88,1
8,-8,0.33,5.65,84,1
5,-5,0.26,5.156,48,0
8,-4,0.92,6.805,15,1
9,-4,0.14,5.243,65,1
5,-6,0.46,4.601,60,0
10,-2,0.26,5.777,73,1
10,-8,0.3,7.377,40,1
9,-3,0.4,4.638,30,0
3,-7,0.35,4.345,34,0
8,-5,0.21,4.955,34,0
8,-6,0.53,8.932,57,1
6,-2,0.15,5.985,57,0
4,-4,0.17,4.35,72,0
10,-8,0.63,5.101,87,1
9,-7,0.6,4.148,17,1
3,-6,0.33,8.707,21,0
10,-3,0.58,7.124,23,1
9,-2,0.16,4.305,35,0
7,-8,0.68,8.542,75,1
8,-2,0.89,7.528,57,1
10,-4,0.48,8.701,46,1
5,-4,0.89,4.168,81,1
4,-6,0.7,7.409,21,0
5,-6,0.57,8.959,82,0
9,-2,0.73,7.021,49,1
9,-3,0.54,4.273,61,1
5,-6,0.97,5.54,63,1
10,-2,0.1,5.131,58,1
9,-4,0.43,4.6,38,1
3,-4,0.11,4.219,73,0
5,-4,0.84,8.66,26,0
10,-6,0.65,7.497,85,1
5,-7,0.14,7.498,26,0
6,-2,0.09,4.721,70,0
9,-8,0.29,8.513,30,0
3,-6,0.91,4.186,73,1
5,-7,0.76,8.266,82,1
9,-7,0.5,6.14,61,1
6,-4,0.26,7.518,82,0
3,-2,0.33,4.431,26,0
5,-2,0.44,8.366,49,0
8,-7,0.63,4.401,55,1
5,-4,0.07,8.808,70,0
4,-6,0.64,7.568,30,0
8,-3,0.62,7.583,15,0
7,-4,0.18,6.221,27,0
5,-6,0.19,8.548,77,0
8,-1,0.65,6.65,30,0
8,-4,0.69,4.09,55,1
6,-7,0.76,7.004,52,1
8,-6,0.81,4.326,76,1
7,-7,0.13,7.601,61,0
6,-6,0.44,6.109,83,1
7,-8,0.56,7.436,72,0
5,-5,0.11,5.338,11,0
4,-5,0.48,5.658,47,0
6,-2,0.8,4.441,40,1
9,-4,0.89,6.584,76,1
9,-8,0.49,6.091,72,1
7,-8,0.05,4.775,13,0
6,-5,0.59,5.422,10,0
10,-2,0.72,4.415,80,1
8,-1,0.23,6.635,81,0
8,-3,0.17,6.404,19,0
8,-6,0.7,8.476,12,0
7,-7,0.57,8.64,61,0
8,-4,0.61,4.447,11,0
5,-8,0.49,7.173,28,0
6,-4,0.03,8.094,66,0
8,-3,0.81,5.057,12,0
6,-8,0.88,4.882,60,1
10,-7,0.76,7.194,29,1
8,-1,0.22,7.075,87,0
6,-4,0.29,8.501,86,0
10,-1,0.55,4.057,40,1
3,-1,0.31,6.102,51,0
3,-4,0.32,7.996,45,0
7,-4,0.36,8.952,27,0
4,-7,0.39,8.364,61,0
8,-4,0.01,6.587,18,0
6,-6,0.14,8.173,89,0
9,-7,0.54,5.889,28,1
3,-8,0.21,6.686,60,0
6,-4,0.01,4.383,10,0
4,-4,0.64,4.427,72,1
9,-3,0.71,8.421,24,1
8,-8,0.27,4.931,89,0
4,-4,0.22,4.568,61,0
4,-8,0.71,4.953,83,1
6,-5,0.68,7.499,64,1
3,-2,0.75,6.534,88,1
3,-2,0.54,6.257,43,0
8,-3,0.72,4.937,22,1
10,-2,0.33,6.995,25,0
8,-5,0.86,6.09,27,1
7,-3,0.74,6.492,15,0
7,-7,0.53,6.354,20,0
5,-6,0.68,7.232,73,1
5,-5,0.58,4.834,79,0
3,-7,0.46,6.347,53,0
7,-1,0.51,6.433,61,0
7,-4,0.98,6.012,27,1
4,-5,0.83,7.86,52,1
5,-4,0.9,7.893,62,1
8,-8,0.45,8.665,31,0
4,-2,0.18,8.038,45,0
8,-1,0.13,7.156,31,0
9,-2,0.34,7.868,63,0
5,-5,0.42,5.026,57,0
9,-2,0.79,4.064,68,1
3,-4,0.64,7.661,36,0
4,-3,1.0,4.398,64,1
10,-8,0.04,5.328,14,0
9,-7,0.55,7.325,12,0
9,-5,0.31,6.197,55,1
5,-2,0.43,7.215,49,0
3,-3,0.68,7.675,25,0
3,-6,0.37,7.958,88,0
6,-6,0.71,8.737,30,0
7,-8,0.96,8.375,19,1
4,-5,0.2,4.862,35,0
5,-7,0.58,8.312,14,0
7,-5,0.77,6.234,70,1
5,-1,0.74,7.478,74,1
9,-2,0.52,7.649,87,1
5,-2,0.71,4.678,17,0
5,-6,0.36,7.198,89,0
8,-3,0.64,8.353,84,1
10,-6,0.02,8.206,13,0
6,-3,0.17,6.405,50,0
3,-7,0.8,4.811,54,0
7,-5,0.65,7.854,45,1
3,-6,0.02,6.439,27,0
8,-2,0.97,6.27,53,1
10,-7,0.7,8.788,56,1
4,-2,0.95,7.439,67,1
3,-2,0.54,4.163,80,0
5,-2,0.84,8.486,83,1
7,-6,0.49,4.873,53,0
9,-8,0.49,7.581,50,1
10,-4,0.18,5.338,50,1
10,-2,0.25,8.147,15,1
9,-7,0.1,8.248,54,0
5,-8,0.91,7.375,81,1
3,-5,0.46,8.054,17,0
8,-2,0.79,7.012,80,1
3,-6,0.94,8.731,67,1
10,-6,0.26,8.057,26,1
9,-8,0.43,7.858,68,0
7,-6,0.12,6.3,20,0
10,-5,0.65,6.94,68,1
9,-7,0.67,5.708,21,1
3,-7,0.09,7.364,56,0
4,-1,0.2,5.245,52,0
7,-1,0.7,4.864,70,0
6,-5,0.12,5.027,13,0
6,-4,0.96,6.885,26,1
8,-5,0.59,7.184,61,0
5,-2,0.5,6.695,60,0
4,-2,0.38,4.096,59,0
5,-3,1.0,4.786,26,1
3,-5,0.11,5.839,57,0
10,-3,0.58,5.572,80,1
5,-8,0.71,4.536,37,0
4,-7,0.23,8.003,49,0
10,-3,0.12,6.831,35,1
7,-3,0.1,7.342,76,0
6,-7,0.13,5.472,27,0
8,-7,0.28,6.785,23,0
7,-5,0.94,7.399,47,1
8,-4,0.58,7.419,57,0
8,-2,0.19,6.202,10,0
6,-7,0.07,6.94,25,0
5,-4,0.18,8.747,58,0
10,-6,0.95,5.055,12,1
3,-5,0.59,6.655,59,0
3,-5,0.68,7.239,70,0
7,-4,0.67,7.064,75,1
6,-3,0.53,4.325,40,0
5,-2,0.05,6.614,20,0
8,-4,0.34,5.525,60,0
5,-1,0.82,6.358,54,1
7,-2,0.64,5.281,32,0
6,-8,0.56,8.014,13,0
5,-7,0.24,8.645,43,0
9,-4,0.28,4.423,18,0
3,-6,0.66,4.002,68,0
5,-2,0.45,7.486,27,0
4,-5,0.34,8.324,24,0
9,-1,0.12,7.56,83,1
8,-6,0.88,7.158,20,1
8,-1,0.63,6.796,38,0
7,-4,0.5,8.456,13,0
10,-3,0.66,4.255,62,1
6,-3,0.99,8.845,13,1
3,-2,0.48,4.767,80,0
6,-2,0.17,6.551,27,0
6,-2,0.43,4.167,63,0
6,-5,0.29,7.927,46,0
10,-1,0.89,8.663,51,1
7,-2,0.78,5.946,58,1
4,-4,0.94,8.816,39,1
5,-4,0.5,7.561,54,0
9,-1,0.75,8.33,88,1
7,-8,0.98,4.481,55,1
5,-4,0.93,8.788,60,1
6,-8,0.56,4.238,38,1
9,-3,0.81,7.652,82,1
8,-2,0.63,8.053,25,0
6,-1,0.23,4.502,88,0
5,-6,0.68,8.853,75,1
5,-7,0.95,5.432,51,1
8,-4,0.17,8.36,55,0
10,-2,0.76,5.027,81,1
3,-1,0.78,5.778,44,0
7,-5,0.91,8.401,79,1
6,-3,0.1,6.162,51,0
3,-8,0.11,4.253,69,0
9,-2,0.13,7.478,70,0
4,-3,0.99,8.064,39,1
3,-6,0.65,8.959,24,0
4,-4,0.22,5.746,18,0
6,-7,0.74,7.612,87,1
7,-6,0.15,4.406,39,0
7,-2,0.93,8.876,36,1
4,-8,0.16,8.305,21,0
9,-8,0.53,8.967,25,1
10,-7,0.33,6.696,54,1
4,-7,0.11,5.647,21,0
7,-2,0.17,7.161,72,0
4,-3,0.58,7.661,19,0
3,-4,0.21,5.862,36,0
4,-8,0.08,5.394,89,0
8,-3,0.46,7.768,57,0
7,-8,0.73,7.897,80,1
7,-7,0.07,5.89,34,0
3,-7,0.95,4.868,85,1
5,-8,0.15,8.032,13,0
8,-7,0.94,8.737,85,1
4,-5,0.98,8.229,76,1
7,-7,0.33,8.051,73,0
9,-2,0.17,7.622,59,0
8,-3,0.83,4.491,63,1
8,-4,0.87,8.983,73,1
4,-5,0.7,7.911,76,1
6,-3,0.44,4.82,16,0
10,-3,0.02,5.833,13,0
3,-6,0.35,8.918,17,0
4,-3,0.01,4.469,34,0
5,-6,0.89,4.96,89,1
9,-6,0.14,7.76,77,0
5,-2,0.16,5.237,57,0
9,-3,0.95,7.432,50,1
6,-8,0.25,6.804,89,0
9,-3,0.53,8.802,70,1
8,-6,0.47,5.037,63,1
8,-7,0.54,8.128,76,1
4,-2,0.53,7.338,50,0
4,-5,0.51,8.922,46,0
3,-2,0.62,6.472,73,0
5,-3,0.92,5.324,51,1
9,-8,0.75,8.173,49,1
3,-3,0.99,6.351,24,1
5,-4,0.76,8.384,42,0
9,-2,0.02,6.895,73,1
9,-7,0.38,4.22,65,1
6,-6,0.23,4.969,11,0
8,-8,0.32,8.928,38,0
5,-8,0.84,4.913,60,1
6,-2,0.32,6.127,88,0
3,-7,0.75,4.185,69,0
4,-6,0.18,4.79,47,0
6,-2,0.17,6.285,24,0
8,-8,0.82,8.384,82,1
5,-5,0.24,7.249,12,0
5,-4,0.73,6.931,22,1
4,-2,0.27,7.231,53,0
4,-6,0.79,8.574,62,1
9,-7,0.76,6.846,27,1
7,-2,0.5,4.139,59,1
8,-5,0.37,6.97,85,0
8,-3,0.42,8.796,13,0
8,-3,0.1,5.913,73,0
6,-8,0.45,6.566,84,1
5,-7,0.23,6.117,49,0
3,-7,0.38,5.597,38,0
4,-2,0.68,5.153,48,0
10,-4,0.62,8.189,81,1
9,-4,0.51,6.712,53,1
4,-6,0.03,5.214,77,0
6,-8,0.38,6.645,87,0
5,-2,0.53,4.864,60,0
3,-7,0.9,5.088,37,0
10,-4,0.26,5.668,23,0
6,-2,0.17,5.277,17,0
3,-8,0.97,7.325,52,1
9,-2,0.18,7.021,88,0
9,-7,0.98,6.689,36,1
3,-4,0.22,5.835,56,0
8,-8,0.17,4.595,81,0
3,-2,0.96,8.209,62,1
7,-2,0.58,7.111,88,0
10,-8,0.53,8.707,12,1
5,-5,0.86,5.113,24,0
3,-3,0.59,4.311,45,0
5,-3,0.77,4.102,50,1
4,-5,0.02,5.256,55,0
8,-1,0.55,5.193,81,0
3,-8,0.38,6.473,84,0
9,-7,0.99,4.869,76,1
6,-6,0.78,7.629,70,1
3,-7,0.95,8.768,39,1
9,-2,0.59,7.885,30,0
10,-5,0.64,7.956,35,1
10,-5,0.71,7.061,17,1
5,-7,0.76,5.374,74,1
6,-6,0.11,7.121,33,0
5,-8,0.69,6.988,23,0
10,-2,0.64,8.12,10,1
4,-2,0.82,6.028,33,1
8,-3,0.61,6.538,29,0
9,-6,0.7,8.003,62,1
9,-1,0.7,5.368,31,1
6,-6,0.18,5.173,14,0
5,-8,0.49,6.084,27,0
7,-3,0.19,7.613,65,0
9,-3,0.75,5.814,55,1
7,-8,0.21,8.791,48,0
8,-5,0.81,4.159,12,0
3,-3,0.68,4.143,29,0
7,-5,0.24,7.952,21,0
6,-4,0.57,6.216,12,0
3,-8,0.26,4.175,70,0
5,-8,0.81,7.768,12,0
10,-6,0.72,4.93,56,1
7,-2,0.58,8.656,45,0
6,-1,0.75,4.568,83,0
9,-7,0.35,6.48,42,0
6,-8,0.47,7.145,78,1
9,-8,0.7,4.622,16,1
7,-6,0.85,8.118,58,1
6,-2,0.48,7.331,74,0
6,-1,0.62,4.459,48,0
7,-7,0.51,5.689,44,1
9,-7,0.14,6.103,62,1
9,-2,0.17,4.279,50,0
6,-4,0.15,4.455,26,0
10,-4,0.04,7.327,17,1
3,-6,0.2,4.892,37,0
6,-5,0.78,5.049,84,1
5,-8,0.89,4.416,34,1
3,-1,0.29,7.046,54,0
6,-7,0.67,7.006,85,1
7,-8,0.81,5.646,34,1
4,-5,0.72,6.726,45,1
6,-8,0.22,8.691,44,0
5,-6,0.06,4.436,24,0
5,-7,0.01,8.801,10,0
6,-3,0.28,8.111,68,0
7,-6,0.86,5.228,20,1
4,-1,0.59,4.322,13,0
10,-8,0.96,8.947,25,1
6,-2,0.78,5.172,35,1
10,-3,0.21,4.775,28,1
7,-4,0.26,7.334,24,0
7,-6,0.72,4.009,70,1
7,-8,0.66,5.502,54,1
9,-4,0.75,5.827,71,1
5,-1,0.82,4.206,21,1
5,-4,0.06,8.603,17,0
9,-8,0.62,6.336,21,0
10,-4,0.34,5.075,23,1
10,-2,0.33,5.66,51,1
9,-6,0.85,4.295,23,1
8,-2,0.03,4.799,15,0
9,-2,0.13,5.248,53,1
10,-2,0.1,4.242,65,1
5,-3,0.75,4.425,37,0
7,-7,0.68,4.618,89,1
3,-5,0.6,5.589,34,0
6,-6,0.19,8.214,29,0
7,-4,0.51,7.685,50,0
10,-4,0.32,5.797,72,1
7,-2,0.29,7.58,50,0
5,-2,0.95,6.995,36,1
7,-5,0.95,5.3,74,1
9,-3,0.16,4.627,69,0
6,-8,0.96,6.769,77,1
9,-3,0.27,4.195,54,0
3,-1,0.11,8.344,72,0
7,-1,0.67,4.45,89,0
6,-5,0.77,5.186,48,1
7,-8,0.29,5.543,15,0
3,-4,0.45,7.442,76,0
3,-2,0.17,5.822,83,0
3,-7,0.38,6.175,40,0
9,-7,0.15,5.754,80,1
7,-4,0.33,8.747,84,0
3,-2,0.37,8.935,26,0
4,-3,0.69,8.716,31,1
7,-4,0.43,6.105,62,0
5,-3,0.0,6.329,44,0
10,-4,0.71,5.054,57,1
7,-4,0.72,7.476,24,0
10,-6,0.24,4.964,86,1
7,-2,0.71,4.712,43,0
7,-8,0.56,7.523,47,0
4,-1,0.26,6.909,30,0
6,-3,0.55,8.271,29,0
6,-2,0.17,5.162,58,0
4,-6,0.97,4.633,76,1
9,-2,0.03,6.586,16,0
4,-7,0.99,8.129,25,1
4,-6,0.9,6.875,72,1
3,-5,0.55,4.199,69,1
9,-5,0.95,7.54,81,1
7,-4,0.77,4.095,60,1
6,-7,0.07,8.34,69,0
4,-6,0.61,6.219,24,0
8,-5,0.9,4.342,22,1
10,-8,0.29,5.326,71,1
5,-3,0.83,8.682,23,0
9,-5,0.37,7.307,47,1
5,-5,0.1,6.027,56,0
4,-5,0.64,7.829,20,0
4,-1,0.48,8.028,57,0
7,-1,0.46,7.731,65,0
10,-8,0.69,5.497,29,1
5,-8,0.01,5.687,30,0
3,-8,0.0,8.645,68,0
3,-6,0.56,4.838,46,0
5,-5,0.4,4.305,12,0
8,-7,0.17,6.765,66,0
8,-7,0.19,8.69,43,0
9,-5,0.16,6.591,41,0
7,-5,0.79,8.528,46,1
7,-4,0.93,7.462,11,1
7,-1,0.43,4.027,65,0
4,-7,0.86,7.635,42,1
8,-4,0.22,4.779,50,0
7,-2,0.46,7.062,51,0
5,-8,0.17,5.905,60,0
9,-8,0.14,7.767,56,0
10,-5,0.36,5.003,77,1
5,-7,0.96,8.386,63,1
6,-8,0.29,7.656,73,0
9,-6,0.4,5.367,44,1
4,-3,0.87,8.5,31,1
10,-7,0.62,8.363,80,1
3,-8,0.31,4.03,82,0
3,-8,0.41,5.572,45,0
3,-5,0.22,4.074,47,0
4,-4,0.67,8.793,42,1
3,-1,0.8,5.893,68,0
6,-7,0.34,5.046,53,1
4,-4,0.98,7.699,29,1
8,-6,0.46,7.246,50,1
9,-2,0.9,7.256,19,1
5,-2,0.61,4.822,76,1
3,-2,0.94,6.975,47,1
10,-1,0.6,5.59,69,1
10,-4,0.31,4.646,61,1
6,-7,0.81,4.194,24,0
5,-3,0.74,5.641,46,1
8,-7,0.43,8.258,52,0
10,-4,0.21,5.437,10,0
4,-2,0.05,5.632,23,0
10,-8,0.34,6.76,41,1
8,-7,0.08,8.629,82,0
7,-3,0.45,4.847,29,0
7,-2,0.55,6.5,32,0
4,-4,0.5,5.852,73,0
10,-2,0.13,5.545,54,1
3,-4,0.14,7.299,13,0
9,-4,0.09,4.487,75,0
10,-8,0.73,5.129,62,1
7,-5,0.08,6.281,62,0
8,-7,0.03,7.461,86,0
10,-4,0.84,6.027,31,1
6,-8,0.01,7.481,36,0
9,-5,0.25,4.017,63,0
3,-5,0.79,8.339,84,0
9,-8,0.84,5.825,34,1
8,-3,0.41,7.607,83,0
7,-4,0.43,4.052,37,0
4,-2,0.74,7.165,74,1
10,-2,0.63,4.961,24,1
5,-3,0.91,6.991,58,1
10,-6,0.5,7.698,58,1
5,-6,0.09,5.484,11,0
9,-2,0.15,7.789,43,0
5,-8,0.36,5.016,89,1
10,-4,0.7,7.246,65,1
5,-5,0.09,6.4,37,0
9,-7,0.02,5.483,26,1
4,-7,0.54,4.078,68,0
6,-8,0.12,7.461,23,0
7,-2,0.68,7.957,55,1
5,-6,0.81,4.456,50,1
8,-7,0.67,5.473,28,1
3,-4,0.53,4.609,50,0
6,-1,0.07,7.021,72,0
3,-2,0.09,4.541,83,0
4,-8,0.06,6.892,22,0
7,-5,0.58,8.196,13,0
10,-5,0.54,5.149,41,1
4,-7,0.85,7.311,36,1
6,-7,0.76,4.437,27,1
7,-8,0.37,5.778,88,1
8,-6,0.58,7.711,53,0
4,-4,0.47,6.949,11,0
8,-8,0.33,8.6,80,0
9,-6,0.89,5.715,82,1
5,-2,0.26,4.307,42,0
3,-2,0.14,6.295,44,0
7,-2,0.04,8.549,76,0
9,-8,0.11,8.272,11,0
6,-3,0.4,7.948,75,0
6,-4,0.58,5.84,70,1
3,-2,0.27,8.715,70,0
8,-4,0.62,5.377,19,0
3,-8,0.07,7.716,15,0
6,-4,0.27,7.397,14,0
9,-1,0.87,6.253,51,1
8,-7,0.08,5.486,82,0
6,-7,0.19,4.033,65,0
6,-8,0.63,7.99,74,0
6,-6,0.7,6.054,47,1
4,-2,0.14,4.399,34,0
7,-2,0.06,4.582,12,0
3,-3,0.91,7.589,27,1
6,-4,0.07,5.0,31,0
10,-7,0.21,6.362,37,0
8,-2,0.12,6.617,76,0
4,-8,0.33,7.482,40,0
3,-8,0.32,7.927,21,0
6,-6,0.35,5.783,56,0
10,-1,0.88,6.754,27,1
10,-1,0.03,5.482,28,0
7,-3,0.47,5.315,46,0
4,-2,0.08,4.186,20,0
6,-2,0.74,5.906,48,1
5,-4,0.55,4.927,48,0
3,-1,0.24,8.727,44,0
8,-6,0.47,8.586,80,1
6,-3,0.45,7.216,82,0
4,-1,0.87,6.325,56,1
10,-7,0.94,6.197,69,1
5,-2,0.82,4.406,41,1
4,-7,0.59,4.476,20,0
6,-4,0.26,6.435,67,0
5,-2,0.51,7.585,32,0
9,-3,0.23,5.51,12,0
3,-4,0.37,7.53,55,0
6,-8,0.3,6.818,60,0
10,-2,0.83,8.523,68,1
4,-1,0.73,8.552,47,0
6,-6,0.74,6.925,15,0
7,-2,0.67,6.053,67,1
10,-7,0.04,5.354,52,1
5,-7,0.34,6.396,32,0
7,-4,0.52,7.854,53,0
3,-7,0.83,5.953,55,1
4,-6,0.76,8.154,31,1
7,-4,0.3,7.314,56,0
5,-5,0.66,8.878,33,0
10,-8,0.75,6.288,34,1
10,-4,0.09,6.444,50,1
10,-6,0.9,5.744,51,1
10,-8,0.91,6.408,25,1
4,-3,0.45,8.133,74,0
6,-8,0.24,4.622,47,0
8,-6,0.97,6.787,24,1
9,-3,0.43,5.219,43,1
9,-8,0.8,5.502,46,1
10,-7,0.39,6.947,33,1
3,-2,0.18,6.323,19,0
6,-2,0.8,8.473,48,0
9,-6,0.55,5.872,87,0
5,-2,0.12,4.136,46,0
4,-8,0.33,5.863,42,0
5,-8,0.22,6.806,34,0
3,-7,0.45,6.437,18,0
5,-4,0.77,5.82,72,1
4,-1,0.7,6.532,87,0
10,-2,0.01,7.671,12,0
7,-6,0.33,5.73,77,1
9,-7,0.39,8.87,72,0
9,-5,0.88,8.922,50,1
9,-4,0.36,5.067,14,1
6,-5,0.43,7.615,70,0
8,-4,0.74,5.331,15,0
6,-7,0.8,6.085,89,1
7,-8,0.14,5.649,62,0
4,-8,0.58,6.72,72,1
6,-2,0.58,4.194,65,0
7,-6,0.36,4.445,32,1
6,-8,0.67,8.83,58,1
6,-3,0.29,5.622,67,0
9,-5,0.31,7.589,59,0
7,-2,0.49,5.831,36,0
6,-8,0.66,8.208,28,1
5,-4,0.09,7.551,56,0
5,-8,0.17,5.595,53,0
3,-3,0.24,7.219,20,0
5,-8,0.59,6.144,89,0
4,-5,0.47,8.546,48,0
5,-1,0.96,7.818,19,1
6,-8,0.25,6.829,44,0
6,-4,0.66,7.821,75,1
10,-2,0.19,7.89,22,0
6,-3,0.77,7.467,37,1
10,-7,0.02,4.514,18,1
8,-6,0.96,6.752,29,1
5,-1,0.1,5.717,77,0
6,-7,0.7,4.014,10,0
10,-1,0.33,5.428,27,1
10,-4,0.27,7.163,81,1
9,-5,0.95,7.604,21,1
9,-4,0.15,8.308,50,0
8,-2,0.97,4.24,59,1
10,-1,0.26,4.624,78,1
6,-6,0.89,5.398,20,1
3,-5,0.98,7.658,35,1
3,-7,0.75,6.875,38,0
7,-7,0.39,7.291,11,0
5,-3,0.88,6.53,17,0
3,-5,0.89,5.412,38,0
5,-4,0.91,4.39,19,1
7,-5,0.67,5.783,61,1
5,-8,0.56,7.505,12,0
5,-8,0.61,4.227,54,1
10,-7,0.67,5.452,47,1
4,-3,0.31,7.778,24,0
10,-8,0.56,8.076,67,1
3,-3,0.96,7.355,35,1
6,-4,0.3,5.415,71,0
6,-2,0.76,8.098,26,1
10,-7,0.81,8.572,74,1
9,-2,0.13,6.888,44,0
7,-5,0.52,6.255,32,0
6,-2,0.81,4.843,38,0
8,-6,0.07,5.991,86,0
6,-8,0.45,8.064,37,1
3,-8,0.62,4.849,84,1
3,-5,0.7,8.927,37,0
4,-2,0.29,8.108,46,0
4,-2,0.63,7.353,76,0
3,-4,0.57,5.283,89,0
10,-1,0.04,7.843,49,1
3,-6,0.0,7.233,60,0
6,-4,0.44,5.547,26,0
4,-2,0.64,5.411,41,0
6,-7,0.56,6.434,54,1
9,-4,0.15,7.634,31,0
8,-8,0.2,6.031,55,0
10,-7,0.29,4.034,30,1
3,-3,0.92,6.043,40,1
9,-5,0.81,4.52,84,1
7,-5,0.51,7.417,13,0
10,-5,0.71,5.311,57,1
3,-5,0.73,6.313,60,0
6,-7,0.58,7.935,77,1
10,-5,0.78,8.453,87,1
7,-5,0.85,5.227,54,1
6,-3,0.53,4.888,81,0
7,-3,0.11,7.517,20,0
8,-4,0.0,8.925,19,0
9,-5,0.03,7.857,65,0
5,-8,0.28,5.202,67,0
9,-8,0.57,7.7,16,0
4,-2,0.91,6.298,26,1
4,-2,0.98,4.679,81,1
4,-4,0.73,6.692,30,0
7,-7,0.48,5.8,33,0
4,-6,0.75,7.597,11,0
3,-2,0.41,6.764,69,0
3,-4,0.01,7.389,61,0
6,-3,0.3,7.38,64,0
9,-3,0.51,8.902,73,0
7,-2,0.49,7.167,31,0
9,-2,0.7,7.105,48,1
7,-6,0.24,4.796,37,0
8,-1,0.17,8.469,46,0
6,-7,0.3,5.751,27,0
9,-3,0.75,8.605,63,1
7,-4,0.25,5.785,82,0
9,-8,0.04,7.811,85,0
5,-2,0.78,6.051,72,1
4,-5,0.08,6.306,83,0
3,-8,0.64,5.486,59,0
8,-7,0.59,6.401,40,0
7,-4,0.42,6.619,12,0
6,-4,0.38,6.233,84,0
8,-1,0.92,5.37,89,1
4,-5,0.6,4.008,61,0
9,-3,0.28,4.806,23,0
9,-4,0.4,7.452,50,1
9,-5,0.14,5.653,83,0
6,-7,0.34,8.898,12,0
4,-7,0.18,4.746,14,0
9,-8,0.77,4.535,47,1
10,-1,0.54,7.306,24,1
9,-4,0.88,6.246,20,1
3,-6,0.39,5.956,40,0
7,-6,0.62,8.616,31,0
8,-5,0.89,7.645,20,1
4,-3,0.11,8.85,44,0
3,-2,0.99,5.319,32,1
10,-3,0.04,6.051,81,1
5,-4,0.65,6.374,46,1
8,-7,0.34,5.05,53,1
7,-8,0.28,5.563,25,0
9,-7,0.94,7.541,80,1
4,-4,0.43,5.722,45,0
10,-6,0.88,8.559,49,1
8,-7,0.26,6.454,80,0
7,-7,0.01,8.267,88,0
8,-7,0.87,5.144,21,0
8,-5,0.32,5.007,71,0
8,-8,0.4,5.24,44,0
9,-8,0.78,6.574,67,1
7,-5,0.6,7.288,70,1
8,-5,0.42,5.149,86,0
9,-1,0.17,8.272,73,1
9,-2,0.33,4.858,12,0
5,-5,0.01,4.102,20,0
3,-7,0.7,7.617,16,0
4,-2,0.65,7.922,46,0
4,-3,0.53,6.056,46,1
5,-5,0.05,8.52,85,0
10,-5,0.27,4.986,34,1
5,-2,0.22,6.606,23,0
4,-6,0.03,8.276,63,0
8,-5,0.69,5.897,11,0
8,-4,0.45,5.507,57,0
9,-3,0.12,5.832,49,1
3,-3,0.14,4.526,65,0
7,-6,0.34,7.054,75,0
8,-3,0.95,4.021,81,1
4,-2,0.43,4.079,35,0
10,-8,0.11,7.29,54,1
4,-5,0.46,8.987,85,0
9,-1,0.95,8.339,50,1
8,-3,0.02,5.346,32,0
9,-5,0.98,8.456,80,1
3,-7,0.4,8.846,33,0
7,-3,0.97,7.223,71,1
10,-8,0.3,7.564,14,1
5,-8,0.85,7.025,84,1
9,-5,0.71,5.968,51,1
10,-5,0.69,7.045,13,1
10,-4,0.5,7.844,82,1
5,-6,0.8,5.636,52,1
6,-8,0.77,7.071,42,1
9,-2,0.53,8.31,86,1
10,-1,0.44,8.668,77,1
7,-4,0.7,7.291,19,1
4,-5,0.81,4.944,50,1
4,-8,0.62,4.67,75,1
3,-2,0.12,6.688,36,0
6,-5,0.82,5.21,34,1
10,-2,0.98,8.853,82,1
8,-7,0.11,7.329,73,0
10,-8,0.68,4.989,53,1
7,-1,0.4,6.041,63,0
6,-4,0.41,7.379,56,0
6,-3,0.18,8.799,52,0
8,-7,0.11,4.264,87,0
9,-8,0.57,4.26,37,0
6,-6,0.33,4.376,87,1
5,-6,0.48,8.783,38,0
3,-2,0.16,5.031,49,0
4,-2,0.12,7.671,83,0
7,-4,0.28,6.454,23,0
9,-8,0.06,7.638,56,1
5,-2,0.15,6.999,74,0
4,-7,0.63,8.087,12,0
3,-6,0.5,8.193,83,0
4,-5,0.52,6.496,51,0
6,-8,0.39,4.367,56,0
5,-2,0.7,6.373,64,1
7,-3,0.33,4.002,40,0
3,-3,0.16,8.39,73,0
5,-7,0.59,8.265,79,1
10,-7,0.83,5.546,44,1
7,-4,0.25,8.709,53,0
5,-6,0.11,4.904,10,0
3,-3,0.26,5.14,51,0
5,-8,0.06,6.228,26,0
8,-1,0.52,6.821,58,0
8,-6,0.34,5.528,42,0
10,-6,0.19,4.285,51,1
10,-1,0.36,8.984,64,1
9,-2,0.41,7.309,19,0
4,-1,0.25,5.157,24,0
4,-7,0.63,7.272,53,1
6,-6,0.07,7.641,37,0
10,-4,0.38,5.499,60,1
4,-7,0.56,8.753,75,1
6,-5,0.73,6.211,39,1
6,-6,0.23,5.587,41,0
6,-8,0.47,7.954,58,1
9,-5,0.24,7.6,50,1
9,-6,0.16,7.786,88,0
4,-7,0.37,8.463,41,0
5,-6,0.79,4.943,16,0
4,-2,0.34,4.668,84,0
10,-8,0.06,7.858,79,1
3,-8,0.48,8.751,81,1
7,-3,0.64,8.317,84,1
8,-6,0.39,6.101,44,0
3,-8,0.09,6.047,28,0
9,-5,0.76,5.575,45,1
8,-4,0.51,5.573,11,0
4,-4,0.46,6.666,32,0
8,-1,0.25,7.847,32,0
7,-3,0.82,5.177,61,1
10,-4,0.24,7.549,18,1
3,-2,0.01,6.312,87,0
8,-8,0.75,4.104,40,1
10,-8,0.27,8.388,31,0
9,-8,0.2,7.198,61,0
6,-6,0.42,6.239,28,0
7,-2,0.82,6.83,52,1
9,-5,0.68,4.911,76,1
8,-3,0.44,6.358,73,0
10,-6,0.9,4.435,37,1
7,-7,0.92,8.632,16,1
9,-3,0.93,5.005,59,1
8,-3,0.35,4.904,34,0
7,-7,0.17,8.058,27,0
10,-1,0.8,5.485,11,0
5,-2,0.14,7.001,84,0
9,-3,0.37,8.448,66,1
10,-2,0.9,4.612,56,1
5,-6,0.26,7.265,63,0
7,-7,0.54,6.684,42,0
5,-2,0.02,7.812,85,0
8,-8,0.8,5.436,46,1
4,-7,0.9,7.404,50,1
7,-8,0.53,4.518,45,0
10,-8,0.77,7.435,29,1
5,-6,0.23,7.214,83,0
5,-1,0.8,7.238,23,1
6,-4,0.45,6.162,86,1
5,-3,0.88,7.192,47,1
8,-7,0.54,5.904,13,0
7,-4,0.0,8.743,61,0
9,-8,0.27,6.05,35,0
10,-2,0.95,7.067,22,1
6,-5,0.73,5.085,84,1
5,-2,0.5,4.534,41,0
7,-3,0.11,6.59,23,0
3,-4,0.94,6.426,74,1
7,-3,0.91,8.807,18,1
8,-1,0.69,7.584,63,0
10,-3,0.5,4.049,47,1
10,-5,0.94,5.21,14,1
9,-4,0.04,7.533,20,0
9,-4,0.42,4.646,43,0
5,-3,0.75,5.099,71,0
4,-3,0.31,6.667,43,0
4,-8,0.22,6.621,20,0
3,-8,0.72,7.225,45,0
10,-8,0.91,5.24,62,1
5,-7,0.88,4.999,88,1
5,-8,0.54,4.251,22,0
8,-4,0.11,8.175,36,0
9,-4,0.16,7.201,55,0
9,-8,0.21,8.4,26,0
7,-2,0.85,4.099,89,1
6,-8,0.2,5.497,70,0
6,-5,0.18,7.385,60,0
10,-2,0.75,5.051,70,1
7,-1,0.99,8.253,71,1
3,-2,0.13,5.937,53,0
4,-2,0.84,4.116,64,1
9,-7,0.99,7.934,22,1
4,-6,0.27,6.55,70,0
8,-3,0.98,5.51,50,1
5,-2,0.78,5.86,89,1
7,-4,0.59,5.664,46,1
5,-3,0.68,8.95,50,0
4,-7,0.82,5.755,62,1
4,-8,0.37,8.288,43,0
7,-3,0.53,7.25,37,0
6,-6,0.71,5.421,47,1
7,-7,0.75,8.208,62,1
5,-4,0.78,5.169,78,1
7,-8,0.62,7.084,15,0
7,-4,0.67,5.265,25,1
7,-5,0.35,8.478,82,0
5,-1,0.7,6.747,10,0
5,-5,0.71,5.947,86,1
3,-4,0.2,4.339,83,0
4,-1,0.29,6.637,76,0
8,-1,0.47,4.138,78,0
9,-8,0.4,6.519,28,1
7,-8,0.61,4.045,15,0
4,-4,0.88,8.46,47,1
6,-1,0.69,5.53,85,0
6,-2,0.61,6.731,10,0
9,-8,0.09,6.239,23,0
6,-5,0.17,7.992,20,0
3,-3,0.68,4.265,78,0
8,-6,0.87,8.373,80,1
4,-4,0.19,6.376,17,0
4,-3,0.78,7.374,34,1
5,-7,0.56,6.621,33,0
3,-5,0.61,5.234,52,1
9,-1,0.49,6.366,56,1
10,-6,0.46,6.539,61,1
8,-8,0.79,5.157,68,1
10,-3,0.77,6.744,38,1
7,-2,0.54,5.204,67,0
4,-8,0.81,7.947,76,1
7,-3,0.15,4.96,36,0
7,-2,0.04,6.421,88,0
8,-8,0.38,5.122,14,0
10,-8,0.63,5.274,66,1
10,-2,0.32,8.948,70,1
5,-8,0.71,5.759,78,1
8,-6,0.97,7.342,49,1
4,-2,0.94,4.26,38,1
7,-8,0.59,7.618,82,1
6,-3,1.0,7.368,21,1
3,-6,0.56,7.383,40,0
6,-8,0.09,7.801,55,0
4,-8,0.44,8.934,69,0
10,-4,0.23,6.599,10,0
3,-7,0.32,4.311,74,1
6,-5,0.26,4.977,61,0
4,-8,0.7,4.511,62,1
4,-5,0.85,6.535,68,1
9,-2,0.97,7.772,36,1
10,-2,0.21,7.112,38,1
6,-4,0.63,6.885,52,0
3,-4,0.47,5.3,33,0
7,-6,0.93,5.701,48,1
8,-3,0.02,6.05,61,0
8,-6,0.75,6.799,52,1
10,-2,0.23,4.357,85,1
4,-2,0.41,7.675,60,0
4,-7,0.76,6.043,29,1
9,-7,0.2,7.48,46,1
9,-8,0.24,6.342,43,0
9,-5,0.02,6.846,42,0
6,-7,0.1,4.946,76,0
4,-1,0.97,7.997,28,1
4,-2,0.67,5.362,27,1
9,-3,0.74,8.124,62,1
4,-6,0.57,6.19,14,0
10,-7,0.55,6.4,75,1
9,-7,0.33,7.69,67,0
9,-2,0.21,4.283,37,0
5,-7,0.03,7.998,71,0
8,-3,0.68,7.839,44,1
3,-7,0.18,8.185,21,0
7,-3,0.72,8.624,63,1
5,-7,0.47,7.483,55,0
6,-3,0.58,4.16,47,1
9,-2,0.9,5.96,19,1
3,-3,0.59,4.182,31,0
8,-4,0.69,7.722,80,1
5,-2,0.7,4.079,52,1
4,-5,0.45,8.558,34,0
8,-1,0.73,5.999,51,1
3,-8,0.44,6.689,58,0
3,-2,0.91,7.412,47,1
6,-3,0.96,5.139,88,1
10,-3,0.15,5.222,54,1
3,-7,0.37,7.611,32,0
7,-4,0.97,5.585,21,1
10,-6,0.08,5.701,69,1
4,-3,0.93,5.416,11,0
7,-7,0.16,8.306,40,0
6,-6,0.41,7.152,75,0
9,-5,0.06,5.797,11,0
5,-6,0.35,7.449,22,0
8,-4,0.47,7.068,73,1
10,-4,0.38,7.042,24,1
4,-4,0.87,8.519,11,0
6,-7,0.76,6.214,83,1
6,-8,0.11,8.394,60,0
9,-6,0.68,6.923,55,1
3,-3,0.25,8.867,40,0
4,-6,0.07,8.672,31,0
4,-4,0.73,8.217,82,1
10,-7,0.5,5.974,47,1
7,-6,0.29,6.33,70,0
5,-2,0.38,5.859,75,0
3,-7,0.14,6.308,86,0
3,-7,0.01,6.45,19,0
9,-1,0.11,8.673,14,0
10,-7,0.21,5.013,68,1
4,-1,0.23,7.179,57,0
8,-3,0.72,8.999,64,1
9,-6,0.23,8.78,11,0
6,-6,0.78,5.301,28,1
4,-2,0.89,4.722,89,1
5,-4,0.51,8.525,42,0
10,-7,0.97,4.665,73,1
4,-8,0.55,6.992,25,0
4,-8,0.66,6.807,68,1
3,-8,0.9,7.695,74,1
9,-5,0.6,6.513,66,1
4,-6,0.42,6.987,67,0
9,-3,0.46,8.766,35,0
9,-8,0.39,7.24,38,0
6,-7,0.34,6.441,61,0
10,-4,0.64,8.632,83,1
10,-1,0.37,4.956,26,1
4,-4,0.66,6.444,86,1
9,-5,0.03,7.982,74,0
6,-6,0.18,6.517,38,0
5,-6,0.76,4.7,39,0
3,-5,0.41,8.666,23,0
10,-8,0.04,4.11,24,1
3,-5,0.54,6.923,23,0
6,-7,0.74,5.364,54,1
6,-5,0.76,4.542,73,1
5,-7,0.08,7.67,25,0
10,-4,0.9,5.122,74,1
9,-7,0.74,6.601,74,1
4,-3,0.97,5.352,22,1
5,-6,0.81,4.286,17,1
6,-6,0.67,6.631,81,1
10,-2,0.22,4.307,71,1
7,-6,0.03,6.818,74,0
9,-2,0.28,6.39,39,0
9,-6,0.63,7.114,79,1
9,-5,0.85,8.711,11,1
9,-2,0.11,4.784,36,0
6,-2,0.48,6.227,73,0
6,-7,0.56,8.542,66,1
5,-8,0.91,7.157,72,1
3,-4,0.94,8.518,51,1
4,-2,0.16,7.369,16,0
4,-6,0.7,7.875,12,0
6,-2,0.09,7.694,83,0
10,-7,0.75,4.215,34,1
5,-5,0.4,7.961,62,0
9,-2,0.42,8.017,67,1
5,-1,0.27,5.961,52,0
6,-1,0.53,4.209,84,0
9,-2,0.38,4.92,28,0
5,-8,0.15,8.933,37,0
4,-8,0.84,5.308,47,1
5,-6,0.35,8.336,21,0
7,-2,0.06,8.78,74,0
4,-4,1.0,7.609,45,1
7,-5,0.04,5.981,35,0
3,-1,0.61,4.836,65,0
4,-6,0.47,4.468,83,0
10,-5,0.52,8.037,43,1
8,-7,0.04,8.824,64,0
7,-5,0.39,8.823,30,0
5,-8,0.94,8.724,66,1
4,-8,0.29,4.445,63,0
3,-6,0.22,7.437,37,0
5,-4,0.77,8.484,30,0
4,-6,0.58,5.496,61,1
4,-4,0.89,4.623,88,1
5,-7,0.53,4.907,76,0
10,-4,0.77,8.431,76,1
7,-8,0.63,5.984,15,0
7,-7,0.34,6.682,45,0
3,-5,0.48,6.501,25,0
4,-6,0.58,6.121,79,1
8,-5,0.24,7.023,54,0
3,-4,0.13,6.311,32,0
9,-5,0.4,6.294,76,1
6,-7,0.45,8.485,16,0
4,-4,0.11,8.0,83,0
9,-7,0.53,4.351,50,1
5,-6,0.97,8.661,39,1
10,-2,0.35,5.928,49,1
10,-3,0.52,5.508,36,1
4,-6,0.7,8.937,64,1
7,-6,0.27,7.81,79,0
10,-3,0.58,4.755,82,1
9,-3,0.37,6.177,84,0
7,-2,0.92,5.459,34,1
3,-7,0.9,4.646,66,1
4,-2,0.99,7.81,20,1
3,-4,0.0,5.695,41,0
4,-8,0.85,8.153,65,1
3,-8,0.82,4.975,50,0
7,-6,0.65,6.218,50,1
10,-2,0.59,5.428,51,1
5,-3,0.34,5.168,41,0
8,-4,0.94,4.177,72,1
9,-6,0.76,8.31,85,1
5,-4,0.48,7.98,37,0
4,-6,0.51,5.751,38,0
10,-5,0.6,5.631,79,1
3,-6,0.44,8.576,65,0
3,-8,0.31,8.701,59,0
3,-7,0.2,8.251,27,0
3,-5,0.31,7.251,22,0
4,-1,0.49,7.698,75,0
4,-6,0.87,7.502,87,1
4,-7,0.17,5.138,51,0
10,-2,0.38,5.878,30,1
6,-3,0.04,7.196,51,0
3,-6,0.49,7.281,35,0
